Date,Close,High,Low,Open,Volume
2016-09-06,186.57261657714844,186.64927663438348,185.57599684018467,186.29151670298387,56702100
2016-09-07,186.5556182861328,186.7345047905499,185.95083814731663,186.41081159095657,76554900
2016-09-08,186.12965393066406,186.4959402793945,185.82300073079193,186.2233538805593,74102900
2016-09-09,181.6747283935547,184.86902807179513,181.64917503593986,184.81792135656548,221589100
2016-09-12,184.28126525878906,184.68161850409962,180.8484590897426,180.91660570571437,168110900
2016-09-13,181.63209533691406,183.2675748541307,181.01027544179323,183.00351488487263,182828800
2016-09-14,181.56399536132812,182.88430854433517,181.01032192860217,181.68324870057552,134185500
2016-09-15,183.37831115722656,183.76162442767654,181.2232251947218,181.40211165300408,134427900
2016-09-16,182.66949462890625,182.94345806111463,181.98461217497623,182.76366792581595,155236400
2016-09-19,182.70372009277344,183.9622116674637,182.37839183003095,183.32012466255208,80250500
2016-09-20,182.71231079101562,183.71396513879625,182.67807189218635,183.55987049912048,69665300
2016-09-21,184.7669677734375,184.94674482420382,182.72940744279296,183.4143028791124,110284400
2016-09-22,185.93130493164062,186.23095081871756,185.52894234694025,185.77721029026128,76678700
2016-09-23,184.9125518798828,185.67449481300912,184.81837857069652,185.53751307904778,73630900
2016-09-26,183.41432189941406,184.2618684960777,183.21740578661957,184.08209142666828,89827300
2016-09-27,184.55296325683594,184.6471234918225,182.8835263269881,183.2516630614715,78494800
2016-09-28,185.468994140625,185.623101833831,183.81669631342595,184.77554217943597,87411000
2016-09-29,183.791015625,185.66591215313227,183.24310179121994,185.26353650265202,128070600
2016-09-30,185.17791748046875,185.87992589879707,184.37316624574723,184.62143417016583,117202900
2016-10-03,184.7327423095703,184.9553278063955,184.09921165404296,184.76699427111006,83512100
2016-10-04,183.791015625,185.06663343857537,183.20030643277005,184.84404793411028,119948100
2016-10-05,184.60427856445312,185.03233652110154,184.34744117780565,184.41593201846445,72816000
2016-10-06,184.7327423095703,184.9553278063955,183.84238725897382,184.38173155191478,62927400
2016-10-07,184.09913635253906,185.1778506237894,183.3714457586619,185.00663007601187,89788300
2016-10-10,185.05807495117188,185.52037193639262,184.9125367694673,185.05807495117188,51855000
2016-10-11,182.7208709716797,184.69851033087284,181.99318005289527,184.6300194685232,130367400
2016-10-12,182.9605712890625,183.48280261492656,182.3612795887013,182.85782847749783,73866100
2016-10-13,182.3612823486328,182.85783124494432,180.82028384808063,181.63359151521533,101357000
2016-10-14,182.45541381835938,183.79952203251673,182.37836652365132,183.337212137685,93346200
2016-10-17,181.8219451904297,182.686617766202,181.642155057929,182.42978031832754,58275700
2016-10-18,182.9605712890625,183.47423309370768,182.58387812767933,183.4143117616483,76869700
2016-10-19,183.44851684570312,183.75671909700407,182.86636429507476,183.22593141104383,66519200
2016-10-20,183.10614013671875,183.66261045082263,182.44692699383353,183.09757061406387,73639800
2016-10-21,183.1917266845703,183.27734352328338,182.14726395608955,183.10612290915276,89089100
2016-10-24,183.97076416015625,184.3389008279515,183.61975346984508,184.0649374413789,60146600
2016-10-25,183.3543701171875,184.0478220171836,183.1917059799945,183.79098459336805,66542300
2016-10-26,182.9862518310547,183.56840448294915,182.29278684752947,182.532511363168,75705500
2016-10-27,182.49819946289062,183.73956473264667,182.4211521777925,183.7053258492553,77220200
2016-10-28,181.95889282226562,183.1488935654366,181.24832802261642,182.4725676586778,140623200
2016-10-31,181.96746826171875,182.51538200884306,181.80480412278754,182.292783476287,61272500
2016-11-01,180.64901733398438,182.34413627764692,179.44190380314225,182.2927583487816,122781800
2016-11-02,179.5618133544922,180.72613188868763,179.12518573960872,180.34086915477957,103330800
2016-11-03,178.73992919921875,179.98986452919675,178.465978823447,179.77583549116116,88939300
2016-11-04,178.54299926757812,179.690191603582,178.3974611112159,178.85120155849046,109122100
2016-11-07,182.48114013671875,182.51539209591,178.54301394389404,178.54301394389404,109794900
2016-11-08,183.3030242919922,183.8680640704405,181.82194705147958,182.08734096045808,106772100
2016-11-09,185.24639892578125,185.86280353964403,181.78768269651837,181.81336513348813,258429000
2016-11-10,185.70872497558594,186.8987259738683,184.25333004480336,186.03405331261018,172113300
2016-11-11,185.28065490722656,185.52036638324668,184.33893498380345,184.98957855253008,100552700
2016-11-14,185.4261474609375,186.00831309038577,184.68133077679926,185.80284056294064,94580000
2016-11-15,186.873046875,186.873046875,185.60599853106606,185.81145806271672,91652600
2016-11-16,186.52197265625,186.75312761404004,186.13672310212814,186.25657880926144,65617700
2016-11-17,187.48085021972656,187.54077154766955,186.5647998162659,186.676099078109,69797200
2016-11-18,187.06137084960938,187.72058391490273,186.88158071787657,187.54936330481615,86265800
2016-11-21,188.4739227294922,188.49960516314167,187.48939460414826,187.63493274925955,72402600
2016-11-22,188.84210205078125,189.02187912694623,188.11439809751522,188.7821676498624,67429000
2016-11-23,188.94479370117188,188.9961585697166,188.13148613486294,188.3283891520488,56620200
2016-11-25,189.6468505859375,189.6810894836144,189.2102229949598,189.28728337550007,37872300
2016-11-28,188.75650024414062,189.61261646285374,188.65377047815005,189.33866606577988,76572500
2016-11-29,189.12461853027344,189.57835903678915,188.4910878875461,188.79073376013366,69886700
2016-11-30,188.67083740234375,189.90364646152315,188.61090301541208,189.74098234075745,113291800
2016-12-01,187.97738647460938,188.97047105412133,187.6178062778789,188.97047105412133,79040500
2016-12-02,188.07156372070312,188.55955612953525,187.71199655470292,188.06300726316525,74840300
2016-12-05,189.20164489746094,189.5440860882473,188.70509602651484,188.9019990580523,67837800
2016-12-06,189.80093383789062,189.83518579680896,188.91057885543555,189.39000177393402,59877400
2016-12-07,192.28366088867188,192.34358221640227,189.5269662940269,189.6468220127813,110738100
2016-12-08,192.7545166015625,193.2253830250353,191.99257386659514,192.2579808058571,99714400
2016-12-09,193.91883850097656,193.93596447940914,192.94286674302495,192.97711869989007,88005800
2016-12-12,193.69625854492188,194.304106695277,193.27675697280102,193.82467072858418,102016100
2016-12-13,194.9889678955078,195.48551672384679,194.33832446352554,194.35545044058355,110477500
2016-12-14,193.37953186035156,195.39139709678585,192.94290423688426,194.68938860416048,142501800
2016-12-15,194.17568969726562,195.0318057935021,193.38806445632346,193.61921946002988,124972600
2016-12-16,193.79591369628906,194.691529641135,193.4772879233699,194.63124198664173,156420200
2016-12-19,194.21791076660156,194.63988497695757,193.8303904029604,193.9767864007674,90341100
2016-12-20,194.9671173095703,195.1135264473923,194.51932242546528,194.75182675903397,89838800
2016-12-21,194.42457580566406,195.01015974080977,194.42457580566406,194.83792994460757,67909000
2016-12-22,194.0886993408203,194.39871819214375,193.69255903179445,194.27815603553404,56219100
2016-12-23,194.3728485107422,194.38145539880819,193.9422675822742,194.131711101736,36697800
2016-12-27,194.8551788330078,195.2513060949005,194.62266135476222,194.63988827841183,42672500
2016-12-28,193.24472045898438,195.1306670770991,193.13277835007074,195.11345330052006,64095000
2016-12-29,193.2017364501953,193.66675823630646,192.76253533744898,193.31367859594346,48696100
2016-12-30,192.49559020996094,193.6151037253256,191.80665780509864,193.52898224710808,108998300
2017-01-03,193.96817016601562,194.47625268810015,192.79698909968164,193.79592722132304,91366500
2017-01-04,195.12210083007812,195.26849680321703,194.28677258194588,194.2953794720281,78744400
2017-01-05,194.9671173095703,195.1221333389085,194.17484966043173,194.85517515869023,78379000
2017-01-06,195.66464233398438,196.12966407630134,194.5365089692909,195.07904528556946,71559900
2017-01-09,195.01876831054688,195.54407769928036,194.9843144691566,195.40628861430002,46939700
2017-01-10,195.01876831054688,195.87131035074572,194.63123486650335,195.03598209095162,63771900
2017-01-11,195.56993103027344,195.56993103027344,194.2695677639523,194.93266630385088,74650000
2017-01-12,195.07904052734375,195.26849723189008,193.7270229252161,195.05320671675017,72113200
2017-01-13,195.52688598632812,195.82828488116763,195.21686705944367,195.25130776674516,62717900
2017-01-17,194.8379364013672,195.29435128955922,194.45041606199737,194.88960402791093,61240800
2017-01-18,195.26852416992188,195.3115849069483,194.5365310613489,195.08767433052773,54793300
2017-01-19,194.5451202392578,195.483783712224,194.11453921786523,195.34599463170878,66608800
2017-01-20,195.25990295410156,195.75075852737518,194.59680444535826,195.2254491108912,129168600
2017-01-23,194.75180053710938,195.3201706676685,193.99398683665453,195.25989615458587,75061600
2017-01-24,196.00051879882812,196.41387296884554,194.85517151455983,194.96711366334637,95555300
2017-01-25,197.6969757080078,197.6969757080078,196.7841329083282,196.9477557982735,84437700
2017-01-26,197.4903564453125,197.81760233184454,197.21477819553937,197.5506309747665,59970700
2017-01-27,197.1802978515625,197.71421417781394,196.99944801896262,197.56781818965763,59711100
2017-01-30,195.95742797851562,196.5171780573932,194.97570376275382,196.4913442470013,79737300
2017-01-31,195.940185546875,196.00047319321024,194.8981869027836,195.46654382670206,75880800
2017-02-01,196.0177459716797,196.8530744004239,195.43216195251097,195.940244523312,79117700
2017-02-02,196.1469268798828,196.4311119956221,195.3288253807931,196.0177446598415,69657600
2017-02-03,197.49891662597656,197.67976645215273,196.74110289892536,197.05112178644802,80563200
2017-02-06,197.1458282470703,197.4903009625108,196.80997556219742,197.09416062482688,57790100
2017-02-07,197.15438842773438,197.7744259870127,196.96493177682785,197.53330172954742,57931200
2017-02-08,197.41282653808594,197.54199561136676,196.61193886286796,197.15447525123201,51566200
2017-02-09,198.58395385742188,198.88535266019773,197.4127730625225,197.4127730625225,65955200
2017-02-10,199.3675994873047,199.5915100054071,198.60116587290565,198.92841162072386,66015900
2017-02-13,200.45269775390625,200.71104900172796,199.83266001525024,199.85849382600338,55182100
2017-02-14,201.25355529785156,201.2621753275736,199.92737160929255,200.27183115065384,71109000
2017-02-15,202.30422973632812,202.49368647837778,200.98665257407828,201.03832020549314,86785800
2017-02-16,202.1320037841797,202.51091727552614,201.38279683374938,202.3300674218224,84722400
2017-02-17,202.45062255859375,202.45062255859375,201.4516712326226,201.46889815625454,77204100
2017-02-21,203.65621948242188,203.8284492656725,202.81227120600053,202.82089123635168,88946100
2017-02-22,203.47535705566406,203.69925444598178,203.0878367822995,203.25145966534637,62115200
2017-02-23,203.61317443847656,204.00930165644274,202.8553475654405,203.9920878749946,74615900
2017-02-24,203.87152099609375,203.91456858901134,202.72617382226116,202.76923455546964,82381600
2017-02-27,204.19012451171875,204.36235428548795,203.53564611528,203.78537731620193,56515400
2017-02-28,203.63900756835938,204.05236170667933,203.2514872424162,203.81123736430177,96961900
2017-03-01,206.48948669433594,206.95452167564858,205.2752447479337,205.2924716725028,149158200
2017-03-02,205.1890869140625,206.308600215748,205.13741929311072,206.29998018539592,70246000
2017-03-03,205.31822204589844,205.48184491207374,204.724018222541,205.10293156730737,81974300
2017-03-06,204.70687866210938,205.05994518838477,204.10405459126903,204.52602881279873,55391500
2017-03-07,204.09539794921875,204.75849638133062,203.8887143347153,204.40541680082913,65103700
2017-03-08,203.71649169921875,204.6465482866462,203.57870261805394,204.38819704453468,78168800
2017-03-09,203.97488403320312,204.30212988182257,203.01038655132612,203.83709492427994,90683900
2017-03-10,204.6895751953125,204.97376020064905,203.7422918441906,204.9306994773639,81991700
2017-03-13,204.79296875,204.8360294855501,204.30211315754522,204.62934583908455,57256800
2017-03-14,204.00926208496094,204.3020671365696,203.39784445486842,204.25038638137607,59880800
2017-03-15,205.77468872070312,206.196662895698,204.34515642855678,204.57767388337365,96081800
2017-03-16,205.3699188232422,205.9899565408601,205.04268618470874,205.91245511123034,78344000
2017-03-17,205.00929260253906,205.82230883065284,205.00929260253906,205.632027875245,89002100
2017-03-20,204.78439331054688,205.29468616829985,204.39518711730236,205.0092647739321,52537000
2017-03-21,202.15505981445312,205.51090901439778,202.02532881856098,205.38982235241298,131809300
2017-03-22,202.6307830810547,202.91620449898713,201.56694921236672,202.18968445195426,97569200
2017-03-23,202.41453552246094,203.54756354767736,202.04263120164606,202.63076264780625,100410300
2017-03-24,202.26754760742188,203.28813353106028,201.4891350621878,202.71730382336963,112504900
2017-03-27,202.0599365234375,202.3194117347293,200.32147504346014,200.5982389240359,87454500
2017-03-28,203.5303192138672,203.95411602548558,201.64481140746744,201.75725376032582,93483900
2017-03-29,203.72055053710938,203.95407953685887,203.01997673531778,203.24486140080134,61950400
2017-03-30,204.36924743652344,204.56818591683856,203.4870501660482,203.66002924668305,56737900
2017-03-31,203.89353942871094,204.55950948750663,203.84163383160336,204.03191476196116,73733100
2017-04-03,203.5389404296875,204.14437380427063,202.31077181340237,203.94544852350572,85546500
2017-04-04,203.66864013671875,203.75513626156143,202.872925938498,203.25348777187656,56466200
2017-04-05,203.06324768066406,205.3206597393664,202.85566485778097,204.34330876146382,108800600
2017-04-06,203.63401794433594,204.15295502034064,202.7604520905961,203.20156378227185,69135800
2017-04-07,203.42640686035156,204.11833606276656,202.9420603778966,203.3831588106784,74412300
2017-04-10,203.5475311279297,204.3432452387694,203.01993649822074,203.56483299048935,67615300
2017-04-11,203.3053741455078,203.40915893428013,201.81773058497976,203.16698562884116,88045300
2017-04-12,202.41453552246094,203.21890729142282,202.1896640631861,203.02862636532242,81864400
2017-04-13,201.0998992919922,202.81242786863328,201.0998992919922,202.07725025970024,92880400
2017-04-17,202.8815460205078,202.8815460205078,201.41984888368236,201.61877409715495,68405400
2017-04-18,202.27615356445312,202.81240582699647,201.59288163305118,202.14642256401504,83225800
2017-04-19,201.90428161621094,203.2102889541078,201.67939691610522,202.83838456156207,68699900
2017-04-20,203.5475311279297,203.98864283974876,202.19827619226862,202.5182880636242,92572200
2017-04-21,202.8988800048828,203.52161517502364,202.50102948907167,203.46972277708795,110389800
2017-04-24,205.13035583496094,205.33793863462017,202.87294402881207,205.13900016923373,119209900
2017-04-25,206.32391357421875,206.66987167555047,205.68387656955395,205.7703726936147,76698300
2017-04-26,206.19419860839844,207.17154951947384,206.15096373769677,206.28933907936556,84702500
2017-04-27,206.36721801757812,206.6699281395825,205.83096565731284,206.51425091068754,57410300
2017-04-28,205.91741943359375,206.65258374786688,205.7876752387527,206.62663754838997,63532800
2017-05-01,206.4363250732422,206.86013492902634,206.02117274759829,206.4363250732422,66882500
2017-05-02,206.5142059326172,206.69582932677102,206.1076978824263,206.57474266484968,57375700
2017-05-03,206.26339721679688,206.60936857189026,205.588769571187,206.5142280989218,73137700
2017-05-04,206.50555419921875,206.64394273028756,205.65794754197145,206.5661041306076,61462700
2017-05-05,207.31854248046875,207.33584434389297,206.43633221020283,206.87744394406326,62001300
2017-05-08,207.2839813232422,207.50885278980158,206.86017139275205,207.3618199234985,48385700
2017-05-09,207.0937042236328,207.7423856326874,206.74773288699615,207.54346036253196,51363200
2017-05-10,207.46560668945312,207.46560668945312,206.842871486589,207.05045428669604,54293800
2017-05-11,207.0417938232422,207.20612854417598,205.9606582354735,207.0158476249322,62358300
2017-05-12,206.69583129882812,207.08503748747037,206.4277117732625,206.79097176249238,53912700
2017-05-15,207.83750915527344,207.95859581385963,207.10233167263556,207.11963353742098,61918900
2017-05-16,207.64720153808594,208.15749430527327,207.25799541391686,208.13154811015895,51241800
2017-05-17,203.9627227783203,207.64722812837044,203.90217285033032,207.64722812837044,172174100
2017-05-18,204.78439331054688,205.631999962106,203.62540586744421,203.88488106209277,107047700
2017-05-19,206.11636352539062,206.78234683353799,205.21686440061802,205.26875680431252,115011400
2017-05-22,207.1628875732422,207.32722229980186,206.55745426285634,206.6266353290807,61010600
2017-05-23,207.6212615966797,207.7855963023231,207.15420367564522,207.53476547872376,48341700
2017-05-24,208.10565185546875,208.20943666083193,207.5175071643434,207.85483417668863,46927700
2017-05-25,209.10025024414062,209.37702726719854,208.40833408140554,208.61590365124414,64071700
2017-05-26,209.0570526123047,209.22137415187208,208.8321679416575,208.91000654420898,46629900
2017-05-30,208.87539672851562,209.12621437940422,208.58133101438253,208.7370082051156,35201900
2017-05-31,208.82351684570312,209.20407870913107,208.13158738469383,209.16947497747938,91796000
2017-06-01,210.48416137695312,210.50146324456628,208.9965175012174,209.28193892827278,68962000
2017-06-02,211.18470764160156,211.3403980348541,210.24196054050776,210.53602626420476,88666100
2017-06-05,211.02903747558594,211.29715700891515,210.83009901105527,211.01173560965785,44698800
2017-06-06,210.3544158935547,211.02038598008141,210.27656409337987,210.466845031661,50375400
2017-06-07,210.7435760498047,210.96844747433232,210.02570052088976,210.69168365933325,54144300
2017-06-08,210.84739685058594,211.32309917359729,210.3198021282382,210.83875251651543,65950700
2017-06-09,210.52743530273438,211.91128134020343,209.26466276105234,211.11556689923026,132256400
2017-06-12,210.48416137695312,210.53605378233445,209.6365546283226,210.28523609050535,86108100
2017-06-13,211.51336669921875,211.56525909526675,210.67440443656096,211.02036254185137,60067000
2017-06-14,211.24525451660156,211.79013789146447,210.42358089248344,211.78149355764182,78602300
2017-06-15,210.83877563476562,210.95986231231313,209.61925132681426,209.8960152194408,66464900
2017-06-16,210.8848419189453,211.04997806682266,210.00702897611282,210.99783260155976,84553100
2017-06-19,212.6404266357422,212.70125857570505,211.61485078809721,211.71045520387923,65123800
2017-06-20,211.20635986328125,212.29276764813338,211.18898688722953,212.28408116010755,56906400
2017-06-21,211.15423583984375,211.71047615166384,210.68491346435795,211.59749874860742,55977600
2017-06-22,211.05860900878906,211.6583082251127,210.8847864163885,211.16291317368038,44148100
2017-06-23,211.31068420410156,211.64094318419558,210.73705765609583,211.1194753547663,66986800
2017-06-26,211.44970703125,212.3970646667427,211.2411252311376,211.97987454289122,56700500
2017-06-27,209.74623107910156,211.5279424723989,209.72884484149196,211.23242948028994,82247700
2017-06-28,211.62359619140625,211.82349155414153,210.5284884176897,210.7631562637456,70042600
2017-06-29,209.76361083984375,211.82343566222565,208.5555259686431,211.77129021282053,106949700
2017-06-30,210.15475463867188,210.94566280210128,209.96354578022047,210.57193157446784,86820700
2017-07-03,210.51107788085938,211.5279540165934,210.51107788085938,211.09339088533196,39153800
2017-07-05,210.99777221679688,211.2063540181552,210.06780081302975,210.8760950787334,54427600
2017-07-06,209.06834411621094,210.35464738842117,208.88582174928314,210.23297023107446,65400800
2017-07-07,210.42422485351562,210.57197477229906,209.0770760787253,209.64201628070495,57972300
2017-07-10,210.650146484375,211.023877706191,210.1199788872515,210.42417841054788,36663300
2017-07-11,210.4937286376953,210.8066146776675,209.32910242406086,210.6501650267731,50354600
2017-07-12,212.07550048828125,212.24063660467954,211.45842825120994,211.45842825120994,59610400
2017-07-13,212.43185424804688,212.54484491380276,211.85822769210736,212.0842090236191,39471600
2017-07-14,213.42263793945312,213.77898288163507,212.33623013656714,212.43183455369368,60262700
2017-07-17,213.3965606689453,213.72683287777014,213.22273807654784,213.34441521740746,33531900
2017-07-18,213.50955200195312,213.5616974536571,212.64911226339612,212.98807096128579,42742500
2017-07-19,214.66552734375,214.6742138332142,213.81377395088398,213.82247370216416,51034300
2017-07-20,214.7611083984375,215.03922191099483,214.21355460002698,214.91754476266078,47135200
2017-07-21,214.5699005126953,214.59597324018205,213.9615015064993,214.1874828271371,82340800
2017-07-24,214.51779174804688,214.65684189782053,214.04845604938308,214.4917057542839,46622300
2017-07-25,215.03919982910156,215.3694720242996,214.81323179448947,215.26516786371363,54915600
2017-07-26,215.0478973388672,215.36078331303545,214.78717007857182,215.32602409893403,47575400
2017-07-27,214.84803771972656,215.54334147361757,213.52696191351524,215.50858225374023,70766600
2017-07-28,214.59597778320312,214.7263414233966,213.9180603305673,214.36999645778127,50088400
2017-07-31,214.47430419921875,215.09137645548512,214.26570910962465,214.9957720304814,65838700
2017-08-01,214.9523468017578,215.10878318749505,214.430865659001,215.07402396682556,55050400
2017-08-02,215.05661010742188,215.19567349587365,214.12663861669216,215.08268283502977,47211200
2017-08-03,214.63943481445312,214.9696937872359,214.36130803546263,214.9436210594324,40856000
2017-08-04,215.03054809570312,215.36080708246598,214.6481303893106,215.12615252230128,60191800
2017-08-07,215.43032836914062,215.43032836914062,214.99576522593466,215.10006939833806,31995000
2017-08-08,214.90017700195312,216.33424343971365,214.52645903629823,215.11745858993362,61719400
2017-08-09,214.89146423339844,214.9436096862463,213.85720187920182,214.2135468227478,62632600
2017-08-10,211.85826110839844,214.18752691726706,211.8061156426909,214.05714999118095,120479500
2017-08-11,212.17111206054688,212.76212485168887,211.84953956734344,212.0842073860186,74869900
2017-08-14,214.27439880371094,214.491680385441,213.4139722276217,213.4487314454998,73291900
2017-08-15,214.2483367919922,214.67421348773985,213.94415051944327,214.65682724702344,55242700
2017-08-16,214.62208557128906,215.16963947317822,214.19620884072893,214.76983547491596,56715500
2017-08-17,211.2759246826172,214.32656670840692,211.2759246826172,214.013680686834,128490400
2017-08-18,210.94566345214844,212.23196674420893,210.5024005235471,211.11078631966924,136748000
2017-08-21,211.1107940673828,211.37153463580879,210.18083572957025,210.88482598104898,65469700
2017-08-22,213.318359375,213.47479574199497,211.6757112124789,211.6930974516388,63140100
2017-08-23,212.55355834960938,212.97943507606757,212.2059130811083,212.3536629833121,50203800
2017-08-24,212.0581512451172,213.09240050234038,211.8495561386653,212.93596411886358,50741700
2017-08-25,212.55355834960938,213.46614375669583,212.40580844740558,212.84905815401697,64445900
2017-08-28,212.56222534179688,213.10976589220928,212.1450351697119,213.08369316418083,40565600
2017-08-29,212.80560302734375,213.0663303362766,211.1368686792757,211.24985935435748,51135700
2017-08-30,213.8137664794922,214.0832067852587,212.6056813953853,212.7882037622832,62030800
2017-08-31,215.10009765625,215.34345198746985,213.84855351750988,214.43086661448717,103803900
2017-09-01,215.40431213378906,215.83018890007534,215.25656221776765,215.4738438463553,62007000
2017-09-05,213.8572540283203,215.1261844915753,212.8925231299425,214.90020312504348,91398800
2017-09-06,214.5872802734375,214.91755251446293,214.00496723813447,214.53513481681557,57916900
2017-09-07,214.5612335205078,214.90889204310074,214.1527430450965,214.89150580151696,58034700
2017-09-08,214.3092041015625,214.7698400644243,214.06584975370407,214.27443161654426,63832800
2017-09-11,216.59500122070312,216.67321941576003,215.56073865778382,215.57811163769642,71364800
2017-09-12,217.32504272460938,217.3598019428115,216.77748888976458,216.960011255318,56896000
2017-09-13,217.42930603027344,217.46407850587528,216.92521122855646,217.03820188154188,59228000
2017-09-14,217.35977172851562,217.5596803062893,216.93390837111423,217.10773096159318,95446300
2017-09-15,217.65245056152344,217.73978653879072,217.1109221885151,217.21573069228893,95432400
2017-09-18,218.11534118652344,218.46471170061017,217.73102562444956,218.01926229600497,46235200
2017-09-19,218.33370971679688,218.4210590125854,218.0105413121157,218.35991184000716,47108100
2017-09-20,218.41232299804688,218.525874420639,217.4166023016523,218.4210659244812,59574100
2017-09-21,217.8271484375,218.3424747143588,217.6524631452332,218.25513873204213,48211400
2017-09-22,217.87078857421875,218.03674424025084,217.50394552028905,217.53014764359605,51214000
2017-09-25,217.42530822753906,217.9668498298664,216.68289258120123,217.61746600132773,57064400
2017-09-26,217.55633544921875,218.09786373210036,217.32050302734459,217.85330171224217,54082000
2017-09-27,218.40354919433594,218.78786470597146,217.37288365607444,218.25506607895477,81001400
2017-09-28,218.66563415527344,218.7442405296163,218.03675650526645,218.1240924786589,44778800
2017-09-29,219.43421936035156,219.51283905062218,218.4734438302756,218.65685867643668,85578000
2017-10-02,220.38626098632812,220.38626098632812,219.4866060401173,219.6613046021802,59023000
2017-10-03,220.85794067382812,220.8841427959599,220.30766945379898,220.38628914782512,66810200
2017-10-04,221.11997985839844,221.3645418885094,220.5959107495144,220.70946216621985,55953600
2017-10-05,222.43014526367188,222.44760446083976,221.15491750595024,221.4518837893815,63522800
2017-10-06,222.17678833007812,222.4650249475023,221.72260941258702,221.9846305851287,80646000
2017-10-09,221.8099365234375,222.4650160839483,221.5479020337076,222.40388225533374,35803100
2017-10-10,222.39515686035156,222.7707427683473,221.83615612442787,222.37769766658715,43057400
2017-10-11,222.74456787109375,222.74456787109375,222.13316282390105,222.29910515071512,47674300
2017-10-12,222.41262817382812,222.77947115532052,222.17679578300132,222.43010069512647,47065100
2017-10-13,222.68341064453125,222.96291769784074,222.41264651640637,222.84936629148,54800400
2017-10-16,222.98037719726562,223.17253496477068,222.56987286955564,222.91051376147277,38221700
2017-10-17,223.13760375976562,223.18127840295898,222.70961358067885,222.9279734690156,31561000
2017-10-18,223.35597229003906,223.55685966334508,223.1638145146575,223.51318501846194,40888300
2017-10-19,223.41708374023438,223.45202878369093,222.1593420560092,222.57858928408425,61903800
2017-10-20,224.570068359375,224.5962971394155,223.39967568822829,224.21198153918792,89176400
2017-10-23,223.69662475585938,224.91946163811397,223.6180183829025,224.89325951379504,63915300
2017-10-24,224.08966064453125,224.32547973958586,223.73154721149646,224.1246056918486,66935900
2017-10-25,222.98037719726562,223.87128927136814,221.85364604019503,223.75773786485246,103715300
2017-10-26,223.2686309814453,223.86256352467024,223.14634996797955,223.59181270302912,69798000
2017-10-27,225.09410095214844,225.2513403305325,223.2773584004407,224.01104443027998,85562500
2017-10-30,224.255615234375,224.99804421858872,223.95864897174172,224.01105321483814,54285700
2017-10-31,224.60496520996094,224.85827013194742,224.307998974472,224.63116732911413,60304800
2017-11-01,224.9019317626953,225.7229670376646,224.5351020940333,225.38233948819274,54202700
2017-11-02,224.9893035888672,225.12905712363738,223.76649347870475,224.83209085797372,56449500
2017-11-03,225.74046325683594,225.7841245724056,224.73598644613577,225.14650410247782,59589700
2017-11-06,226.08985900878906,226.220869625396,225.53958776377712,225.60945120754656,49652600
2017-11-07,225.9326629638672,226.52659557321505,225.426053001868,226.1946842164428,57502200
2017-11-08,226.31695556640625,226.41304779741046,225.47846088937456,225.75796800014018,50469600
2017-11-09,225.49591064453125,225.68806842051265,223.91496046403017,225.11159509256848,95085500
2017-11-10,225.4259796142578,225.60067816261147,224.79710215754318,225.11155421352854,59984700
2017-11-13,225.6356658935547,225.8627687451596,224.7098219443005,224.74476699576226,50228600
2017-11-14,225.11155700683594,225.21636547504622,224.0546760901173,224.83204998810425,61315200
2017-11-15,223.98484802246094,224.6661298286348,223.27736409509808,224.14206074959475,80811500
2017-11-16,225.88893127441406,226.25578761229633,224.8844811268868,224.9281424421125,67777000
2017-11-17,225.2251434326172,225.8627639958813,225.14653705992936,225.53959557863226,75756800
2017-11-20,225.6094207763672,225.80157853989257,225.22510524931647,225.4696939076753,48075500
2017-11-21,227.08554077148438,227.26898226933415,225.57450740471495,226.3780568662347,69176800
2017-11-22,226.8846435546875,227.22527108469816,226.718687924212,227.09426049623252,45033400
2017-11-24,227.4087371826172,227.51357233228404,227.23406524369858,227.37381878799133,27856500
2017-11-27,227.295166015625,227.74934495040995,227.09426533885556,227.4523787251362,52274900
2017-11-28,229.60104370117188,229.62724582071488,227.66200688921438,227.7580990977113,98971700
2017-11-29,229.4613037109375,230.26487984974452,229.01586765243735,229.73206784726955,77512100
2017-11-30,231.47021484375,232.37857274930585,230.2998090900364,230.37841544790612,127894400
2017-12-01,230.98985290527344,231.73228197266988,227.7581420461125,231.25190080537664,164390900
2017-12-04,230.71035766601562,233.03368363528838,230.65792676514644,232.60570674441112,94040600
2017-12-05,229.88052368164062,231.59245748583294,229.74951309935017,229.88052368164065,77994500
2017-12-06,229.9242401123047,230.35224365740348,229.4613181737277,229.97664435778418,75898600
2017-12-07,230.64915466308594,230.96358006061715,229.66216385096445,230.64915466308594,77218600
2017-12-08,231.9069061279297,231.91562239645032,230.6142062060786,231.60119700357745,76563900
2017-12-11,232.6056671142578,232.6668142754687,231.88072407003264,232.6056671142578,83077500
2017-12-12,233.0162353515625,233.48790023937693,232.64066268870263,233.39180801442237,85195800
2017-12-13,232.9900360107422,233.6975200232834,232.90268671117553,233.26080018071406,102905400
2017-12-14,232.03793334960938,233.40049679362306,231.98552911370558,233.28694539741238,100666700
2017-12-15,233.97024536132812,234.43553349269078,232.98699699252464,233.0396690986028,144610300
2017-12-18,235.45387268066406,235.80502893603057,235.26073272148673,235.3660769189462,83653600
2017-12-19,234.54965209960938,235.74358882543072,234.47940476779215,235.69970433667532,82382900
2017-12-20,234.42672729492188,235.56799189149214,234.1282431203036,235.5153197895893,76751500
2017-12-21,234.90963745117188,235.6207646327536,234.66382530141442,235.05010536410686,67032300
2017-12-22,234.8480987548828,234.96223055721842,234.312563403501,234.92710689692217,78720900
2017-12-26,234.56724548339844,234.78672155224467,234.3038849173879,234.44432602491867,45244400
2017-12-27,234.68133544921875,235.04127935287949,234.40918731573265,234.73400755302202,57751000
2017-12-28,235.16416931152344,235.20808059186288,234.79546458911238,235.18174454026212,45116100
2017-12-29,234.27752685546875,235.7611872545007,234.0844136307907,235.74363881357894,96007400
2018-01-02,235.9542236328125,235.98934729074156,234.75149956587705,235.1377794285937,86655700
2018-01-03,237.4467315673828,237.59598705803205,236.12108775526218,236.12108775526218,90070400
2018-01-04,238.44749450683594,238.93035778564,237.50815758078866,238.08757744045107,80636400
2018-01-05,240.0365447998047,240.15943743914386,238.7460247334587,239.23764887382802,83524000
2018-01-08,240.47552490234375,240.63354122486592,239.6502928293821,239.93998942067273,57319200
2018-01-09,241.01979064941406,241.64309503689753,240.6159354877151,240.89687121980845,57254000
2018-01-10,240.65109252929688,240.91447986147978,239.5976235750946,240.26481254196977,69574300
2018-01-11,242.4068603515625,242.4068603515625,241.03733218619251,241.2041360978791,62361500
2018-01-12,243.98716735839844,244.15394452208946,242.37179991942867,242.67031094880144,90816100
2018-01-16,243.15310668945312,245.89216327412473,242.45955492874856,245.24252279459583,106555100
2018-01-17,245.47079467773438,245.85707469136239,243.15314138747772,244.08371774989664,113258800
2018-01-18,245.0581817626953,245.77804281728476,244.56653078153596,245.35666596416098,100728000
2018-01-19,246.17306518554688,246.17306518554688,245.0581367444621,245.63752981107027,140920100
2018-01-22,248.17471313476562,248.17471313476562,245.90970554473782,245.9624044391286,91322400
2018-01-23,248.70150756835938,248.9912041885166,247.89382385358272,248.21864414608123,97084700
2018-01-24,248.60484313964844,249.9392743385653,247.42845501900035,249.3422792693904,134816100
2018-01-25,248.71031188964844,249.56188025014802,247.9202032686167,249.4653236237129,84587300
2018-01-26,251.5897674560547,251.63367873984512,249.28966279713086,249.5442625102855,107743100
2018-01-29,249.9217529296875,251.45808522868774,249.76373660889539,251.0191331432591,90118300
2018-01-30,247.35830688476562,249.97444436968703,246.88423109421504,248.09574323033812,131796400
2018-01-31,247.48121643066406,248.71027709046913,246.41017211465257,248.20989200178946,108364800
2018-02-01,247.20021057128906,248.49951821002367,246.41010228471623,246.7524977240842,90102500
2018-02-02,241.8186798095703,246.01506007123515,241.78355614616368,245.88335303133664,173174800
2018-02-05,231.70523071289062,242.16985973581026,231.1609344386689,240.0628951810938,294681800
2018-02-06,236.2703399658203,236.7707517438932,227.11380642946904,228.20239896435808,355026800
2018-02-07,234.98863220214844,239.1059783080259,234.90959724654337,235.71728090980616,167376100
2018-02-08,226.17445373535156,235.42757111233564,226.13933006721916,235.28710323131492,246449500
2018-02-09,229.57191467285156,231.42427940359678,222.03949613269174,228.95737110626445,283565300
2018-02-12,232.94308471679688,234.4091964404118,229.71240386406902,231.61744087262778,143736000
2018-02-13,233.5225830078125,234.06687947855633,231.16101790099106,231.7404380512557,81223600
2018-02-14,236.67413330078125,237.03407715143607,232.030013694971,232.03880130814662,120735700
2018-02-15,239.69415283203125,239.7029404462211,235.9542728320571,238.41242036112484,111200300
2018-02-16,239.7643585205078,241.70454573082915,239.0269223449148,239.07083362163766,160420100
2018-02-20,238.2632293701172,240.2560893421596,237.47312083285777,238.81631338365295,86369700
2018-02-21,237.0780029296875,241.17782706280644,236.98144633395106,238.70213095136867,98883700
2018-02-22,237.38534545898438,239.71178677104288,236.71815633024374,237.99988925832793,110511300
2018-02-23,241.16905212402344,241.16905212402344,238.13151113340072,238.60558689681895,92766400
2018-02-26,243.9695281982422,244.0661115745576,241.65187545623988,242.24005616182345,86491400
2018-02-27,240.92323303222656,244.8650409424878,240.86177331085185,244.15391392223984,99099200
2018-02-28,238.48263549804688,242.46832748149382,238.1666028924506,242.0205878320597,121907800
2018-03-01,235.01498413085938,239.81712156627023,233.5225361531255,238.2720014755822,176855100
2018-03-02,236.22642517089844,236.7882966589394,232.48657189571603,233.3469007734564,139083200
2018-03-05,238.95672607421875,239.57126967870028,234.93591017599843,235.0412811759298,97307400
2018-03-06,239.56243896484375,240.01017856159976,238.06999150332558,239.93114362799335,79213200
2018-03-07,239.4747314453125,239.8258878034363,237.20975016262793,237.40289017832296,87063500
2018-03-08,240.6334991455078,240.75639177769847,239.15862681019166,240.15063585578204,66901200
2018-03-09,244.8210906982422,244.8210906982422,241.72209056756208,242.0381499475418,113625300
2018-03-12,244.5138702392578,245.73416994766413,244.12759024461914,245.11086546193317,71924800
2018-03-13,242.93362426757812,246.17309254848522,242.32786829365196,245.67268078019714,91968900
2018-03-14,241.6868896484375,244.07478890023862,241.1338327953938,243.89043661589074,105895100
2018-03-15,241.42367553710938,242.83708855941893,240.92326367057862,242.1962355854701,83433000
2018-03-16,241.68544006347656,242.73433229879393,241.63255700109175,241.9498553754007,100343700
2018-03-19,238.41531372070312,241.8616695320334,236.76706244111185,240.9361891885773,109208400
2018-03-20,238.8208465576172,239.45547026421977,238.14213569570916,238.8120237467934,59757300
2018-03-21,238.3624725341797,240.86570282453886,238.150940281105,238.77674112899192,78709600
2018-03-22,232.40403747558594,236.9874056171408,232.13077251194272,236.14124989695927,148785900
2018-03-23,227.45046997070312,233.17090531261704,227.25655645235332,232.84478414512185,183534800
2018-03-26,233.67327880859375,233.95533970718193,228.6492001841799,231.0466640245638,141956100
2018-03-27,229.69813537597656,235.13648355929,228.14682704159767,234.60765289876343,129941400
2018-03-28,229.0194091796875,231.49622480159888,227.91763387941825,229.8303276361625,146452300
2018-03-29,231.94573974609375,233.80555051179851,229.0282407907725,230.1564576656507,111601600
2018-04-02,226.9392852783203,231.92812739453532,224.47130575320918,231.41688855818825,186286300
2018-04-03,229.84791564941406,230.32389004720667,226.38394102387377,228.17322279650818,119956900
2018-04-04,232.30712890625,233.01225437698196,226.17245123468194,226.30465889809264,123715300
2018-04-05,234.14047241210938,235.02189260297175,232.97699130445676,234.06112092397936,82652600
2018-04-06,228.92242431640625,233.67326456153145,227.40638070243776,232.18368937282415,179521200
2018-04-09,230.0506591796875,233.4353093282673,229.11635597247158,230.37678033142026,105442900
2018-04-10,233.70858764648438,234.49306462652993,231.79592065488106,232.93293347707709,103529000
2018-04-11,232.4834442138672,234.14051880483157,232.1573229824398,232.22782477620186,91140200
2018-04-12,234.39608764648438,235.33921379794384,233.6292563098291,233.80555112463333,68890500
2018-04-13,233.70858764648438,235.81519507925242,232.703782489798,235.7006061362064,85079200
2018-04-16,235.6300048828125,236.39686290422858,234.51943393573595,235.3391481082651,63405300
2018-04-17,238.15093994140625,238.7502992568039,236.88169262714564,237.39290453761745,64682000
2018-04-18,238.32720947265625,239.12927814561803,237.8688537751826,238.59162476057676,57303900
2018-04-19,237.00509643554688,237.87769384781993,235.97382294019738,237.67495751316204,77655900
2018-04-20,234.9954071044922,237.154897174765,234.11398697765554,236.93454214305586,99953100
2018-04-23,234.96017456054688,236.12365560791923,233.88484090745573,235.56835661263662,65558000
2018-04-24,231.7958526611328,236.20295287745273,230.297427828062,235.98259786663672,112885500
2018-04-25,232.36886596679688,232.80957616985228,229.91851831376155,231.73424219844446,103840900
2018-04-26,234.7310028076172,235.5595399175105,232.9505437516809,233.3912538357174,67731900
2018-04-27,234.95135498046875,235.6388616272177,234.01705176562555,235.33918200158953,57053600
2018-04-30,233.1444549560547,236.1236593984513,233.07392627997427,235.56836039425437,82182300
2018-05-01,233.5587615966797,233.66452772924058,231.02906273180506,232.58037107286572,74203400
2018-05-02,231.98983764648438,234.17574281224557,231.60201055601448,233.36485118585458,86368900
2018-05-03,231.4785614013672,232.13080372140743,228.3318849297842,231.16126305069108,136311500
2018-05-04,234.475341796875,235.154052421026,230.18283064429028,230.50895174476614,91222100
2018-05-07,235.26873779296875,236.23827868420156,234.55476254394,235.24229625773177,55304900
2018-05-08,235.26873779296875,235.63009647493584,233.70860651754143,234.89852940083588,67499200
2018-05-09,237.54283142089844,237.86895271124584,235.41860472838565,235.93863961013147,59666100
2018-05-10,239.76390075683594,240.09004880901813,238.17735523817117,238.2831213529077,72063900
2018-05-11,240.49549865722656,240.75991394858534,239.37607782658708,239.88731658829252,59871500
2018-05-14,240.61004638671875,241.579586888239,240.06354338013276,240.92734468202264,54790600
2018-05-15,238.95298767089844,239.40249361788256,238.00986173509827,239.38487489995578,87036100
2018-05-16,239.95785522460938,240.41621099844787,238.96184597615334,238.98831440816372,53942600
2018-05-17,239.75515747070312,240.83049137123183,238.97950326064117,239.69345159062675,56536400
2018-05-18,239.1557159423828,239.7727208029804,238.80315326438767,239.41133531592274,64368000
2018-05-21,240.95384216308594,241.49152248673255,240.24871674390172,240.6365437940962,58025900
2018-05-22,240.28395080566406,241.72949286311118,239.9578296314086,241.47387347025818,52966400
2018-05-23,240.94500732421875,240.971475752457,238.85604580289476,239.01472187827835,64694200
2018-05-24,240.45138549804688,240.82159376470986,238.67092663161597,240.54835569359437,76043800
2018-05-25,239.87847900390625,240.5042797541157,239.37606308246154,239.87847900390625,56374800
2018-05-29,237.11965942382812,239.01473442804837,236.0090882306861,238.25669904659816,115908600
2018-05-30,240.28395080566406,240.72466091115743,238.35366529050847,238.42416707191094,69678400
2018-05-31,238.81198120117188,240.17817169479065,238.21262194583,239.8784920671197,93519900
2018-06-01,241.15652465820312,241.45620423939144,240.03710400918308,240.1076326746418,71258400
2018-06-04,242.3024444580078,242.55806388655805,241.73834943158178,241.97632323820955,45385200
2018-06-05,242.478759765625,242.85776408557587,241.6678411543008,242.43467260590893,51135000
2018-06-06,244.50596618652344,244.61173231021175,242.46988760909116,243.08689252902062,62732200
2018-06-07,244.4795379638672,245.28163364391338,243.5716761543753,244.99077678793768,72969400
2018-06-08,245.20233154296875,245.25521461254337,243.85375947118658,244.0212314911111,72139700
2018-06-11,245.52842712402344,246.24237538751734,245.30807205754232,245.4226609959224,58892500
2018-06-12,245.84579467773438,246.20715337794084,245.20234808940336,245.9427380122248,72329000
2018-06-13,245.06124877929688,246.33931878526906,244.85851245663383,246.08369940431285,79070600
2018-06-14,245.6782684326172,246.2070990473521,245.08770504774918,245.925065019097,77097600
2018-06-15,245.36480712890625,245.7012550888403,243.78883538468264,244.89555787415404,120041600
2018-06-18,244.86021423339844,244.9841801616414,243.434768176209,243.912852991887,52917600
2018-06-19,243.921630859375,244.14297535198787,242.177435176802,242.59356390369783,97531500
2018-06-20,244.33778381347656,245.0018173571571,244.00133582821002,244.60338642311115,53785500
2018-06-21,242.8061065673828,244.34668299377168,242.31029694175825,244.32895813740058,71061400
2018-06-22,243.24884033203125,244.17850381549442,243.02749574353095,244.06340030633777,54898500
2018-06-25,239.93748474121094,242.25717122996454,238.25527161742454,242.09780964362213,137854200
2018-06-26,240.46878051757812,241.31873622200453,239.7516261701551,240.50420321931392,68547400
2018-06-27,238.47659301757812,242.47849224175374,238.326066854242,241.05304649180533,105110700
2018-06-28,239.840087890625,240.60150009170255,237.7151588224368,238.42347751836468,76650500
2018-06-29,240.1853485107422,242.2925525243365,240.07024504485113,240.92906280620025,97592500
2018-07-02,240.6988525390625,240.85824111556073,238.3791664787934,238.61823583374448,63554800
2018-07-03,239.84893798828125,241.69053969089012,239.4239737642924,241.59313404316126,42187100
2018-07-05,241.8055877685547,241.86757071714234,239.9020303531457,240.97335725440993,56925900
2018-07-06,243.85092163085938,244.22276541387367,241.4515268031284,241.83226003568575,66493700
2018-07-09,246.0465087890625,246.09962930058492,244.80698515422466,244.85124324063042,50550400
2018-07-10,246.93190002441406,247.0293056471973,246.2058836349034,246.49807348366292,51966800
2018-07-11,245.12582397460938,246.17059090694184,244.8247985939717,245.38259124794206,77054700
2018-07-12,247.34811401367188,247.40123454638106,245.78100425955168,246.38305497665553,60124700
2018-07-13,247.54290771484375,247.84393308483635,246.71951240695805,247.17106397174726,48216000
2018-07-16,247.32154846191406,247.72881487718087,246.8788593523983,247.58717813938293,48201000
2018-07-17,248.322021484375,248.71159004868673,246.49814457855098,246.5512651082664,52315500
2018-07-18,248.84442138671875,248.9506624589636,247.95904309187677,248.40173223929776,44593500
2018-07-19,247.90586853027344,248.56103967940436,247.42775678976406,248.18033358029288,61412100
2018-07-20,247.62257385253906,248.33089263963382,247.46321225779238,247.70225464991242,82337700
2018-07-23,248.08303833007812,248.28665806940177,247.07369398530983,247.41900453050042,47047600
2018-07-24,249.3312530517578,250.17237284975738,248.46360001759905,249.49064160583424,68026900
2018-07-25,251.45619201660156,251.7749150987928,249.03910056495852,249.08335865317733,78882900
2018-07-26,250.8630828857422,251.54481444589769,250.6417383119721,250.7391439746236,57919500
2018-07-27,249.16314697265625,251.28804926613427,248.24234607162958,251.1906436131456,76768700
2018-07-30,247.86166381835938,249.40221340119325,247.3392668484823,249.24285179323138,63742500
2018-07-31,249.08340454101562,249.69431758068527,248.24231157277697,248.6230176642827,68570500
2018-08-01,248.66717529296875,249.79162229814654,248.02086684516377,249.2869505093463,53853300
2018-08-02,250.02191162109375,250.19010858658837,247.16213089419983,247.36577756551435,63426400
2018-08-03,251.09327697753906,251.14639751094435,249.9688293080611,250.14591576581194,53935400
2018-08-06,252.01402282714844,252.3238835310707,250.73907626495154,251.12864477115582,39400900
2018-08-07,252.84628295898438,253.22701610254995,252.54525762703747,252.67808596667044,43196600
2018-08-08,252.73992919921875,253.13836000125204,252.27954248852805,252.67797329056134,42114600
2018-08-09,252.39474487304688,253.19157976992932,252.26194356016575,252.80201123908088,35717000
2018-08-10,250.70372009277344,251.50055515066057,249.99540124829505,250.9604873626219,77076000
2018-08-13,249.7652130126953,251.58909007010664,249.4730230553778,250.9781769080067,65732900
2018-08-14,251.35888671875,251.59795614540195,250.1016646999758,250.49123330231163,43842000
2018-08-15,249.4817657470703,250.15466154923706,248.04745797473575,250.01299785301316,102925400
2018-08-16,251.5005645751953,252.36824505984566,250.8807889405019,250.9162116389535,69967900
2018-08-17,252.38584899902344,252.82853799635836,250.889558026464,251.29682433852633,65618500
2018-08-20,252.92601013183594,253.1916127922392,252.38591536288368,252.83746690516844,39807500
2018-08-21,253.5190887451172,254.37790633504312,252.96129637996282,253.43940798146477,67272000
2018-08-22,253.36865234375,253.8910221589118,252.84625550899398,253.11188513982498,44993300
2018-08-23,253.03219604492188,254.0503753806769,252.71344590231374,253.19155760642926,49204900
2018-08-24,254.5549774169922,254.6966411059472,253.5544961897128,253.60761669562268,57487400
2018-08-27,256.5649108886719,256.6711519566475,255.5909893995617,255.75035100152513,57072400
2018-08-28,256.6888122558594,257.13150127415275,256.22839838429445,257.02523321330386,46943500
2018-08-29,258.070068359375,258.3002483366861,256.66232014973934,256.90136255603954,61485500
2018-08-30,257.0252685546875,257.96376724094705,256.4320803195823,257.5919235454238,61229500
2018-08-31,257.03411865234375,257.4768077102713,256.13104270122597,256.617989857108,66140800
2018-09-04,256.5914001464844,256.94554594826343,255.59091866725385,256.617960406128,57594400
2018-09-05,255.90084838867188,256.44094311621893,254.89153133691732,256.23729641245575,72452400
2018-09-06,255.13047790527344,256.3080185267249,254.1034363834637,256.0069933078545,65909900
2018-09-07,254.63473510742188,255.6086563759925,253.84673566570757,254.08580503411685,73524800
2018-09-10,255.07745361328125,255.90971124627146,254.88266933705808,255.64408158618681,50210900
2018-09-11,255.91847229003906,256.36116124194683,254.08576056402885,254.43104389633044,50530500
2018-09-12,255.98056030273438,256.5826110397569,255.19258769507857,255.92743976826773,59810800
2018-09-13,257.4945068359375,257.68045569530796,256.75965488471724,257.0429823679138,51034200
2018-09-14,257.5387878417969,257.8840712530081,256.75965078524433,257.69814941620206,55079900
2018-09-17,256.1753234863281,257.5210886145558,255.90085840767378,257.4856929408959,68244000
2018-09-18,257.5653991699219,258.1585874876803,256.3612706566257,256.3878309242925,61930400
2018-09-19,257.83984375,258.2559725900537,257.4945332782199,257.61849919719697,49080600
2018-09-20,259.9293212890625,260.2480714927518,257.8575395336768,259.0970906351815,100360600
2018-09-21,259.69183349609375,260.78578814845525,259.53175051533134,260.670163615046,105479700
2018-09-24,258.8290710449219,259.25598604173615,258.25097564679436,259.1136810427981,53409600
2018-09-25,258.5890197753906,259.3894618716786,258.3488952890775,259.2827398777616,44370000
2018-09-26,257.8152160644531,259.91415398039527,257.3972035619519,258.7312825518188,79739700
2018-09-27,258.5356750488281,259.6207272917874,258.01094045110614,258.2866480000463,59249500
2018-09-28,258.56231689453125,259.060370917637,257.877499398238,257.9130552985251,70091400
2018-10-01,259.4605712890625,260.5278181370274,258.79353183087005,259.79851514867977,62078900
2018-10-02,259.30938720703125,260.0208851700745,258.93586027610115,259.30938720703125,47258200
2018-10-03,259.45159912109375,260.7767751370192,259.09585026723636,260.3587627697148,64694600
2018-10-04,257.4239196777344,259.0248038303383,255.84081347636905,258.9714428347122,111545900
2018-10-05,255.9831085205078,258.16208813528516,254.5600853615641,257.64625615039654,105951700
2018-10-08,255.9831085205078,256.3388575247664,253.91972629713487,255.298263866853,87742200
2018-10-09,255.60952758789062,256.9080235309674,255.04921007260296,255.6006521845047,74339000
2018-10-10,247.5160675048828,255.17369367290726,247.14254065292167,255.10252760650397,214731000
2018-10-11,242.06417846679688,248.04972835434208,240.45436497653625,246.43103946135153,274840500
2018-10-12,245.42605590820312,246.4399417449787,242.24203910959136,246.155331736026,183186500
2018-10-15,244.0475616455078,246.39555418191674,243.95861759938708,245.07035032111582,102263700
2018-10-16,249.38377380371094,249.75732778351343,245.53274521806253,246.0041186081105,118255800
2018-10-17,249.4284210205078,250.0509752010891,246.8580813552923,249.41951847129778,110626000
2018-10-18,245.82635498046875,249.0904144724787,244.55453915232613,248.49451374033328,134557500
2018-10-19,245.6929168701172,248.40553369282395,244.99919677874857,246.47558100230958,139901600
2018-10-22,244.5900115966797,246.68004663324515,244.05637465763868,246.35988075496186,82415800
2018-10-23,243.34487915039062,244.46551414384803,238.89794935655075,240.97913638494464,146352700
2018-10-24,235.97190856933594,243.47832885220126,235.42049357209595,243.0958722305184,177806700
2018-10-25,240.20541381835938,241.74406172098753,236.78129864956196,237.8040873548617,138061500
2018-10-26,235.9807891845703,241.02362004077827,233.27707512923888,236.50555084001812,201574600
2018-10-29,234.67340087890625,240.35659102695715,231.10698111147096,239.06697033859635,160749100
2018-10-30,238.15090942382812,238.46219999139012,234.01526943167627,234.50444807839088,157116000
2018-10-31,240.69459533691406,243.0070049207301,240.24099968255143,240.71237329009787,128296300
2018-11-01,243.2559814453125,243.45164745734314,240.4721988322022,241.55725087311626,99495000
2018-11-02,241.81517028808594,244.7857162430484,239.7695662222295,244.3588011959873,122634100
2018-11-05,243.14923095703125,243.70064588758427,241.33487607109518,242.3043034718907,65622500
2018-11-06,244.68783569335938,244.8479186355636,243.02468846268695,243.08695198751172,60085900
2018-11-07,249.92637634277344,250.0064178282418,246.43106862587547,246.85798369028106,102752100
2018-11-08,249.4727325439453,250.113091445777,248.33431973423373,249.12585903208125,65584900
2018-11-09,247.0359649658203,248.35223941273125,245.63071931227432,248.16547587616753,98812600
2018-11-12,242.4199676513672,246.7690514205457,241.9041085312186,246.52892695269585,99673600
2018-11-13,241.96633911132812,244.8746213934451,241.24593866399726,242.88240555311336,98176600
2018-11-14,240.31211853027344,244.23428707633516,238.7556929624398,243.834079644037,125335900
2018-11-15,242.82020568847656,243.28270387403552,237.47501319005792,239.04921696143316,135101400
2018-11-16,243.4517059326172,244.35887012888557,241.2104352306737,241.72629445079986,126668000
2018-11-19,239.33380126953125,243.1403726335023,238.4177346862504,242.84686002553218,103061700
2018-11-20,234.9045867919922,237.4660223874147,234.04188143022697,236.0074165626149,136021300
2018-11-21,235.70506286621094,237.59945934806558,235.6961874628989,236.4521438330722,75563700
2018-11-23,234.13092041015625,235.52726327765873,233.97083740598626,234.06865686123018,42807900
2018-11-26,237.9107666015625,238.13311311240508,235.98968949085364,236.38102152128923,79981400
2018-11-27,238.71121215820312,238.71121215820312,236.27430304857938,236.87907905299704,75502400
2018-11-28,244.2076416015625,244.2076416015625,238.64897806215677,239.7785158641876,127629600
2018-11-29,243.6739959716797,245.07031142067817,242.29543133041074,243.4338443710822,82346400
2018-11-30,245.1592559814453,245.71957352817088,243.20262298270973,243.52278892831978,98204200
2018-12-03,248.40554809570312,249.3838783176685,246.8135663828676,249.27715631925628,103176300
2018-12-04,240.3566436767578,248.00537116108956,240.04535304842332,247.57845597292376,177986000
2018-12-06,239.99191284179688,240.10753736347036,233.410461928897,236.50553495236963,204185400
2018-12-07,234.41551208496094,241.21931064647666,233.57948693968595,239.65398235031736,161018900
2018-12-10,234.86019897460938,235.8296265873571,230.01303376896047,234.23761783450223,151445900
2018-12-11,234.9135284423828,238.23982339583532,233.44604697126593,238.05305993563306,121504400
2018-12-12,236.0963897705078,239.24482367435746,236.01634829099115,237.88406423876316,97976700
2018-12-13,236.01637268066406,237.90186677142725,234.90464011376045,237.03916121383372,96662700
2018-12-14,231.6584014892578,234.82461387404103,231.10698644297347,233.87296422091924,116961100
2018-12-17,227.1136016845703,231.81844749138895,225.48602373208445,230.7067150296598,165492300
2018-12-18,226.86459350585938,229.41714067784332,225.26369591406458,228.75010114550832,134515100
2018-12-19,223.4671630859375,230.7067659311748,221.7684458235465,226.94466625050688,214992800
2018-12-20,219.82955932617188,223.78732473209402,217.58830256839778,222.22201009148066,252053400
2018-12-21,215.32537841796875,223.38555202382872,214.6812798002914,220.7286486384612,255345600
2018-12-24,209.6357879638672,215.45055557955146,209.57317448764945,213.84030950978314,147311600
2018-12-26,220.22764587402344,220.22764587402344,209.11696653417636,211.09399387368785,218485400
2018-12-27,221.91839599609375,222.1151909748024,213.76877426318353,216.998207573705,186267300
2018-12-28,221.63217163085938,224.8973828264889,220.4692150234413,223.26925449626845,153100200
2018-12-31,223.57337951660156,223.81491988199966,221.38166176077164,223.2513302461389,144299400
2019-01-02,223.80596923828125,224.7273989963419,220.02190048222155,220.04873678437622,126925200
2019-01-03,218.46533203125,222.36570038148278,217.9822513104657,222.06153288497993,144140700
2019-01-04,225.78297424316406,226.42707273146465,221.11326702808634,221.48898887122783,142628800
2019-01-07,227.5631866455078,228.96766966524018,225.15676508760038,226.0513447804907,103139100
2019-01-08,229.7012481689453,230.18432891084558,227.2232719214142,229.74599353972656,102512600
2019-01-09,230.7747344970703,231.61564162896792,229.18238366653358,230.40795353099523,95006600
2019-01-10,231.58883666992188,231.8393179366992,228.56515239927478,229.24504182356054,96823900
2019-01-11,231.67823791503906,231.70507421140275,229.9337967501892,230.5152680383381,73858100
2019-01-14,230.26483154296875,231.06994789059002,229.3792062906262,229.7817508142326,70908200
2019-01-15,232.90379333496094,233.21690164027345,230.6315536140204,230.64050814572695,85208300
2019-01-16,233.4674835205078,234.35310892858368,233.12753877385674,233.33327468863047,77636700
2019-01-17,235.23870849609375,236.09752480395065,232.5549689599642,232.59971433247924,96118400
2019-01-18,238.36968994140625,238.83488883956215,235.27445194397527,237.04572950918973,127900300
2019-01-22,235.1492156982422,237.11730203256215,233.53898309773086,236.9026116326025,115531200
2019-01-23,235.64126586914062,236.87579034797807,233.18117144550067,236.17801920347108,86030300
2019-01-24,235.7664794921875,236.34797816335373,234.4514461827318,235.46232565671974,59204100
2019-01-25,237.76138305664062,238.5844083633359,235.86487852864417,237.60929250091039,96883400
2019-01-28,235.95436096191406,236.01696079540557,234.1920377820725,235.62337082617444,85613700
2019-01-29,235.64126586914062,236.6610726340007,234.80931321615319,236.09751029838282,66136300
2019-01-30,239.37167358398438,240.2125808598044,236.39273457951535,237.15313294174558,92473700
2019-01-31,241.47390747070312,241.95698818402894,239.0943220389077,239.30903974505677,104012100
2019-02-01,241.59022521972656,242.6100593238502,240.80299060610332,241.67073412788216,85782500
2019-02-04,243.2898712158203,243.3524983427084,240.963958692069,241.63489342197394,60744800
2019-02-05,244.3096923828125,244.61384616847684,243.2183041870039,243.7192665752043,79552800
2019-02-06,243.98768615722656,244.52443949783932,243.25415146881173,244.0324315275162,58347800
2019-02-07,241.66180419921875,242.9231377133348,240.00682608227083,242.37745713067275,95482000
2019-02-08,241.95697021484375,242.05536087669893,239.59526672545192,240.41829205368393,75788900
2019-02-11,242.09120178222656,242.8694819066253,241.56340293120226,242.6100733987666,68021400
2019-02-12,245.2042999267578,245.58000811053353,243.62983092699662,243.70141259084346,72270200
2019-02-13,246.00039672851562,246.84130360412453,245.61573411318776,246.0361875509922,65277200
2019-02-14,245.45481872558594,246.58199805028215,244.1039944428411,244.91806536618728,83234400
2019-02-15,248.1295928955078,248.16538373135367,247.0203226879647,247.22605856815875,97088700
2019-02-19,248.55902099609375,249.212046825401,247.3244964141007,247.33345094888386,59120800
2019-02-20,249.05992126464844,249.51616561794017,248.02220560446585,248.5231680196707,76610800
2019-02-21,248.17431640625,248.7826240600063,247.21710955964718,248.4247976342912,64214700
2019-02-22,249.71302795410156,249.90980930917786,248.15644047874292,248.7915845167354,78114600
2019-02-25,250.05287170410156,251.65417677932,249.97236281880927,251.13533264063574,69030700
2019-02-26,249.87400817871094,250.75067881182883,249.4982726927991,249.70403585179915,56844100
2019-02-27,249.76666259765625,250.1155344836595,248.22798442510532,249.15832765471785,56921600
2019-02-28,249.30145263671875,249.99029644590678,248.9794170639072,249.5519338490404,69268300
2019-03-01,250.85806274414062,251.26956178049417,249.42672969982436,250.875944510797,78880500
2019-03-04,249.94558715820312,252.155200325263,247.65546508632025,251.913673610794,106494600
2019-03-05,249.6056671142578,250.2676747866207,249.05998649422446,250.07086612193086,59114600
2019-03-06,248.09385681152344,249.73095348275567,247.77182111906677,249.72199894671584,75039800
2019-03-07,246.01834106445312,247.7895911752292,245.17743406827364,247.6464551651984,94885100
2019-03-08,245.52635192871094,245.6963242662043,243.701428884689,244.1666005291717,85795800
2019-03-11,249.0867919921875,249.24780979781647,246.21519859017263,246.24203489111082,65098900
2019-03-12,250.02601623535156,250.54488763464727,249.4534995503768,249.6413536016529,79667500
2019-03-13,251.68104553222656,252.6114160495917,250.75067501486143,250.91172010661697,80639200
2019-03-14,251.52001953125,252.1283271456543,251.0816842356358,251.70787361502687,67518400
2019-03-15,252.76263427734375,253.57129671409749,251.88207489205763,252.07078381646642,81309000
2019-03-18,253.67922973632812,253.97575679733146,252.7537549040807,252.97838498395302,62199800
2019-03-19,253.74205017089844,255.5031417462448,252.8525241186721,254.73942165972792,90268100
2019-03-20,252.97825622558594,254.73038092507667,251.8730943443334,253.52636760024743,84609200
2019-03-21,255.83554077148438,256.23985821051974,252.11565580847733,252.16059824880145,79550400
2019-03-22,250.91177368164062,255.0000297509821,250.84887068471875,254.4789000838068,122659300
2019-03-25,250.7230682373047,251.7563609170328,249.46514552195487,250.57030774799213,85575200
2019-03-26,252.59201049804688,253.54443977770947,251.19032108946183,252.47519847722108,68125900
2019-03-27,251.27114868164062,253.16704041325895,249.72569296237506,252.582980392671,72224700
2019-03-28,252.2235870361328,252.67284711720208,250.75002822896835,251.90013293967937,56238500
2019-03-29,253.81394958496094,254.1374036359353,252.60993602746407,253.73308607221736,82186800
2019-04-01,256.82403564453125,257.12056268797323,255.5391582447158,255.808730776996,77617900
2019-04-02,256.9498596191406,257.18348367932794,256.1591573421968,257.0127626231394,40070400
2019-04-03,257.3540954589844,258.5581088983009,256.7520750289998,258.1627579277011,68243200
2019-04-04,258.0369567871094,258.28854128030713,256.9857037843611,257.6775542854916,48997500
2019-04-05,259.2859191894531,259.3398281950125,258.41435370537175,258.7018866821242,58621700
2019-04-08,259.4836730957031,259.59149113940293,258.2077622637104,258.8636919237671,53566300
2019-04-09,258.15380859375,258.8456592016085,257.60572449284734,258.522205126451,66142300
2019-04-10,259.0343322753906,259.1241897573699,258.1537728250394,258.5670843373598,52601500
2019-04-11,258.96246337890625,259.528535413988,258.3963913438245,259.5195414386195,55093100
2019-04-12,260.7146911621094,260.99323030165215,259.00750782987916,260.5709246028829,69727800
2019-04-15,260.5439453125,260.88538743061287,259.74424904421835,260.78653593400213,49596700
2019-04-16,260.7146911621094,261.4784390114582,260.1216643880503,261.4245299793317,52153200
2019-04-17,260.0766296386719,261.855681721401,259.6632906883781,261.82872721774316,58268300
2019-04-18,260.58880615234375,260.858378651933,259.36683190031505,260.66070312049783,68708500
2019-04-22,260.8133544921875,260.9661149361686,259.73514709355516,259.8250045652705,40160100
2019-04-23,263.1585693359375,263.3921933348262,260.94821758401093,261.1818141622424,52246600
2019-04-24,262.57452392578125,263.4101409908237,262.4307574273886,263.07769295982763,50392900
2019-04-25,262.41278076171875,263.06871029746924,261.22675508512435,262.47568374884355,57770900
2019-04-26,263.634765625,263.7066351624023,261.6849650923547,262.45770657786915,50916400
2019-04-29,264.048095703125,264.56925271334455,263.6347841375647,263.7246416311188,57197700
2019-04-30,264.1828308105469,264.47036378092696,262.29596081647924,263.7066163248907,81111700
2019-05-01,262.1971740722656,265.0185406267152,262.18818009576734,264.8118711118755,71671900
2019-05-02,261.6310729980469,262.99684108288136,260.1395263594633,262.0803330426567,65030200
2019-05-03,264.1919250488281,264.4704641506386,261.7389547366939,263.1047231539981,56543700
2019-05-06,263.1046142578125,263.54488025187277,259.5824040433734,259.8968915051246,107198100
2019-05-07,258.7108459472656,261.2985878238254,256.8059880160905,260.705561358726,144729900
2019-05-08,258.35150146484375,260.0586842910349,257.75847486656824,258.35150146484375,91568300
2019-05-09,257.5698547363281,258.1718480337544,254.55081200881037,256.2849771773048,103471100
2019-05-10,258.8636169433594,259.61837045130414,253.65218450185358,256.6352774765789,112429300
2019-05-13,252.35830688476562,254.7214188050858,251.52268988940895,253.76002327203466,127290500
2019-05-14,254.6406707763672,256.1681663940438,253.24797515252428,253.3737537472588,77003200
2019-05-15,256.1321716308594,256.7701133090534,252.8076358497461,253.0143053717125,73956400
2019-05-16,258.5042724609375,259.86101931664007,256.7611410796038,256.8330106305001,76749600
2019-05-17,256.8330078125,259.3129323114473,256.1860721788903,256.2040601319123,100353000
2019-05-20,255.13473510742188,256.9407414500029,254.388948239142,255.2335591339415,62877600
2019-05-21,257.4350280761719,257.8123911999107,256.57242895202023,256.8240135080661,46847100
2019-05-22,256.6442565917969,257.59668554101046,256.16804211719005,256.4825295824555,49482500
2019-05-23,253.50840759277344,254.46980300756655,252.09772482532682,254.42488798262627,98733800
2019-05-24,254.0835723876953,255.3594832941058,253.46359117959875,254.94614420826557,55268100
2019-05-28,251.72044372558594,255.31452474232293,251.7024831919406,254.3620954665406,70029400
2019-05-29,250.03114318847656,251.0105266692466,248.62945422327786,250.6062091335086,104972900
2019-05-30,250.71405029296875,251.62156432473273,249.61785472710497,250.78591983240716,62523800
2019-05-31,247.33566284179688,248.99793081192303,247.30870833074238,248.17130752581056,86862800
2019-06-03,246.7067108154297,248.4857633553792,245.3768909783469,247.37160702364017,96428000
2019-06-04,252.06182861328125,252.1966011366948,248.54861192613726,248.99787195128627,77231900
2019-06-05,254.24522399902344,254.27217850352002,251.8731453413565,253.6791519839394,71169700
2019-06-06,255.89857482910156,256.5724650655764,253.89489207520805,254.54182779905042,69430400
2019-06-07,258.4594421386719,259.5376778145624,256.7432645218934,256.9139856275873,74272200
2019-06-10,259.6453857421875,261.3076536120134,259.55552823720706,260.0047883414486,60799100
2019-06-11,259.5824279785156,261.8287280257867,258.9354924680753,261.46033152755564,58641300
2019-06-12,259.1241760253906,259.90588397794284,258.61201308383846,259.348806008108,47096300
2019-06-13,260.193359375,260.5527892422328,259.3307880190692,260.03163238713466,48945200
2019-06-14,259.906005859375,260.5079991397937,259.1422580758503,259.906005859375,52324700
2019-06-17,260.0047912597656,260.76853892968074,259.8340702245848,260.13956380841864,39205700
2019-06-18,262.72723388671875,263.7785143172778,261.46031743785153,261.8197473625696,85434800
2019-06-19,263.3203125,263.85043609708407,261.8916687545038,262.862058449699,78674400
2019-06-20,265.8360900878906,266.24043501972335,263.3831482581043,265.9978445130148,116570000
2019-06-21,265.44976806640625,266.8221515056671,265.23308319547755,265.5671482228351,83309500
2019-06-24,265.1247253417969,265.97341688825486,264.9712218644644,265.6574273212025,47582700
2019-06-25,262.5243225097656,265.2059070885623,262.4159801112717,265.1788214889388,82028700
2019-06-26,262.2625427246094,263.92385754593755,262.1542002988309,263.41824118962137,51584900
2019-06-27,263.1925048828125,263.69812121274236,262.6417550625053,263.02095353294095,40355200
2019-06-28,264.5467834472656,265.04336195090093,263.65293111911507,264.167557504222,59350900
2019-07-01,266.9485168457031,268.08616730223594,265.7476574629136,267.86945491993043,78705600
2019-07-02,267.643798828125,267.6979700486466,266.06374060351243,266.9034220756254,61504500
2019-07-03,269.7836608886719,269.80173633261614,268.17651695736487,268.320982738767,40898900
2019-07-05,269.47662353515625,269.63916472557844,267.2645588956779,268.5556853748782,51677300
2019-07-08,267.9958190917969,269.29598290911434,267.45407957557853,268.16737039783294,45841800
2019-07-09,268.3299560546875,268.6278977139199,266.7860214397084,266.84019265047795,41101300
2019-07-10,269.612060546875,270.56011189882554,268.8626737180611,269.39537569112645,58448500
2019-07-11,270.2440490722656,270.48781949375126,269.2418542299152,270.2530867910683,50826100
2019-07-12,271.4540710449219,271.5263177278828,270.42479002203606,270.7317695395296,40326000
2019-07-15,271.5442199707031,271.8873226456437,271.03860367732375,271.8873226456437,33900000
2019-07-16,270.66845703125,271.66164188673037,270.3614776311971,271.45396719521267,36650100
2019-07-17,268.8265075683594,270.8038392241641,268.8265075683594,270.64132560824015,36036300
2019-07-18,269.8106689453125,270.18989495674094,267.8875359461371,268.3299433311183,51392600
2019-07-19,268.31195068359375,270.93032731709434,268.1403993042997,270.90324170741786,58678600
2019-07-22,268.970947265625,269.51268682028854,268.194475028688,268.7091014293009,43638100
2019-07-23,270.8942565917969,270.8942565917969,269.26002686455917,270.09069831266294,44564500
2019-07-24,272.1672058105469,272.1672058105469,270.04540847226593,270.1357029970052,47213200
2019-07-25,270.8671569824219,271.77004750569665,270.063571190772,271.7158762786227,55394100
2019-07-26,272.681884765625,272.88052171662747,271.4268541311043,271.55327198811625,45084100
2019-07-29,272.1852111816406,272.6818172131321,271.6344615085866,272.56443710470654,38126500
2019-07-30,271.5171813964844,271.923493066979,270.40661637008486,270.78584243281495,45849000
2019-07-31,268.546630859375,271.9505446149553,266.5332033083149,271.7609178303265,104245200
2019-08-01,266.2081604003906,271.65258755474997,265.4136125645929,268.70014633011544,142646600
2019-08-02,264.2037048339844,265.55804002591907,262.6507327117384,265.31426961081803,116749700
2019-08-05,256.25830078125,260.22197439410274,254.36222586817163,260.1136319797592,178745400
2019-08-06,259.85174560546875,260.06845795439847,256.6735825460155,258.14529773750104,120711700
2019-08-07,260.00531005859375,260.7727722927134,254.6511774136103,256.7819852077057,140572300
2019-08-08,265.10662841796875,265.10662841796875,260.94431762874206,261.4950674503696,87713900
2019-08-09,263.3008117675781,264.76348934990085,261.5221171331934,264.1675785656176,93730000
2019-08-12,260.0956115722656,263.2918233491414,259.1475602385619,261.80205988649254,65527600
2019-08-13,264.1405029296875,265.58513268360247,259.4545008367751,259.79760350315723,94299800
2019-08-14,256.3305969238281,260.7005834580758,256.2042065871093,260.0956622781489,135622100
2019-08-15,257.0076904296875,257.9015704661981,254.96717731036955,257.215365095548,99556600
2019-08-16,260.7998352050781,261.2332048589005,257.0618566167302,258.6599898772652,83018300
2019-08-19,263.94189453125,264.6190622184229,263.13833653723043,263.81550422440336,53571800
2019-08-20,261.9194030761719,263.9689538188934,261.79301278192634,263.4362519312439,51596400
2019-08-21,264.0502624511719,264.4204232030708,263.39114265467236,264.077348056287,49524700
2019-08-22,263.9690246582031,265.3865692020705,262.19936718570995,264.7545624531943,51666400
2019-08-23,257.188232421875,264.33009591746213,255.9422397627942,262.66878155669343,149161500
2019-08-26,260.0324401855469,260.0324401855469,257.84743325188174,259.3733202614595,72423800
2019-08-27,259.0121154785156,261.7930328129497,258.253690992949,261.42284451272855,66668900
2019-08-28,260.83599853515625,260.9985121802663,257.5494645347921,258.35305014787957,59696700
2019-08-29,264.1675720214844,264.6912637071327,262.3888774311626,263.39109976527214,57899400
2019-08-30,264.0502624511719,265.66641614641384,263.12028660352104,265.64836826101157,62901200
2019-09-03,262.50628662109375,263.26471107882736,261.1790369315544,262.35281071811187,69101400
2019-09-04,265.4858703613281,265.5039182477998,263.9238602297381,264.6732746057014,46887300
2019-09-05,268.8987121582031,269.81061234095563,265.44966567154756,267.9687365404941,83258100
2019-09-06,269.1064758300781,269.7475478604389,268.5376780168426,269.21484582472306,49584300
2019-09-09,269.2419128417969,270.1808989649801,268.3028991645869,270.0906319733859,51260300
2019-09-10,269.1787109375,269.24191987648885,267.22846442804376,268.4834677166774,57947100
2019-09-11,271.09283447265625,271.17409129973674,268.8356085403277,269.48569071099945,68821100
2019-09-12,272.0317687988281,273.0881347966629,271.2372210938471,271.9956454793237,72908700
2019-09-13,271.85113525390625,272.8262718427624,271.48094706313816,272.4741315317824,62104800
2019-09-16,271.0115661621094,271.896408609539,270.3705217396185,270.7226346420475,58191200
2019-09-17,271.6977844238281,271.78805141832373,270.6413905587591,270.81294193474486,41475500
2019-09-18,271.8602294921875,271.968571901471,269.27794933684083,271.30945217296875,73375800
2019-09-19,271.84210205078125,273.24159804702253,271.5080371680574,272.24841356188705,76560500
2019-09-20,270.5578308105469,272.7257172981861,269.7686931121249,272.44450325727587,89565000
2019-09-23,270.4942321777344,271.2108170035137,269.64159394991134,269.89556952748023,43476800
2019-09-24,268.3717346191406,271.9727625422939,267.4102536031992,271.582733535712,94869400
2019-09-25,269.9591064453125,270.40355684518136,266.9748722488337,268.45338400504926,71854000
2019-09-26,269.39678955078125,270.1768477756016,267.99085778219984,269.9682417151954,56179700
2019-09-27,267.9454040527344,270.25842267385457,266.3943398657859,270.14955226807103,84746600
2019-09-30,269.1880798339844,269.89558524708093,268.4171012837451,268.4624431933133,51662400
2019-10-01,265.98614501953125,270.72099718134706,265.7684595761757,270.0679131700186,88242400
2019-10-02,261.28759765625,264.41696448642426,259.99958846909385,264.4078850320209,122539500
2019-10-03,263.42828369140625,263.4554943744778,258.3487439616913,261.0608435391244,85278800
2019-10-04,266.99310302734375,267.2470787072425,264.0269992614025,264.08144832542007,65091200
2019-10-07,265.841064453125,267.81847578384463,265.55987813972894,266.19483104942367,59610500
2019-10-08,261.7139892578125,264.72543473960826,261.67769911141454,263.9907184423583,95708100
2019-10-09,264.1993713378906,265.13364208404795,263.1018364259061,263.72771007618655,62359400
2019-10-10,265.98614501953125,266.865993928109,263.95434039818133,264.117604480698,55296300
2019-10-11,268.7436828613281,270.9750422719158,268.6167088805522,268.7346034051052,98720400
2019-10-14,268.4443664550781,269.0974506367518,268.0996792923519,268.42620754255415,40394800
2019-10-15,271.10198974609375,271.84578529470946,269.3695025112143,269.48742469346604,46754500
2019-10-16,270.6666564941406,271.35603084525394,270.2312854776649,270.6394458056109,48928200
2019-10-17,271.46484375,272.3356133684746,270.77546947468795,271.8276621175921,45736600
2019-10-18,270.27655029296875,271.5736388782995,269.4239120539197,270.929634312639,64304000
2019-10-21,272.10882568359375,272.3083799212792,271.1564240881151,271.5918227015919,39048600
2019-10-22,271.2200012207031,272.93433011116593,271.1292896905478,272.6440642871781,48594700
2019-10-23,272.00909423828125,272.0635156111766,270.7573472991516,270.9659810160959,34352200
2019-10-24,272.4535217285156,273.0884746005034,271.62809406743776,272.94334172458434,35453100
2019-10-25,273.5692443847656,274.1134858073228,271.82767736883653,271.8820987429654,45205400
2019-10-28,275.1111755371094,275.61007494387354,274.7574366745982,274.7846473563298,42147000
2019-10-29,275.0295104980469,275.95472892845504,274.71203412842175,274.83903574877576,44284900
2019-10-30,275.8731994628906,276.24506964645207,273.92299861636155,275.22916703094626,49643900
2019-10-31,275.1384582519531,275.8641227568858,273.68718460462867,275.8641227568858,69053800
2019-11-01,277.6872863769531,277.73262829214644,276.41738057633785,276.5806723698209,71141500
2019-11-04,278.80291748046875,279.3743694834143,278.43101970583336,279.23831607348995,60606900
2019-11-05,278.49462890625,279.30192558808307,278.2043630646061,279.00258028848964,42933200
2019-11-06,278.55804443359375,278.83015127599856,277.61469457781413,278.494543609944,46487100
2019-11-07,279.5376892089844,280.87106825413883,279.06602806695554,279.89145582645773,54272300
2019-11-08,280.22705078125,280.2814721535745,278.4945632788722,279.19298934454866,49032100
2019-11-11,279.69183349609375,279.86417703477946,278.7121936255367,278.84827471069235,35797300
2019-11-12,280.281494140625,281.17947453569053,279.5104877305214,280.05472917772806,46484600
2019-11-13,280.3721618652344,280.77127035209,279.0659936684823,279.2927585959564,53917700
2019-11-14,280.7803649902344,280.862024736105,279.4560653623706,280.0910183287371,51219900
2019-11-15,282.8121337890625,282.85747569869864,281.42433364278145,282.1136801480739,62023600
2019-11-18,283.0207824707031,283.2566268714091,282.1228021468884,282.57633203669667,49228000
2019-11-19,282.939208984375,283.6285834175987,282.29520415828483,283.61950395991727,67804700
2019-11-20,281.8869323730469,282.86657234836355,280.3358680402715,282.3495416770167,79406200
2019-11-21,281.4334716796875,282.1047148443882,280.6352822016,281.9958720828886,54664700
2019-11-22,282.0592041015625,282.3131796450668,281.05238138021787,282.1771262612713,44850200
2019-11-25,284.2452392578125,284.2452392578125,282.98444091082035,282.98444091082035,48647200
2019-11-26,284.8893127441406,285.07073576578375,283.9641217688007,284.2815982160428,37569000
2019-11-27,286.1592102050781,286.1592102050781,285.15235952241426,285.37004499703744,44444600
2019-11-29,285.0979919433594,285.8417876970087,284.87122697075444,285.59686381058185,36592700
2019-12-02,282.67620849609375,285.4155198937256,282.24988916349207,285.35201904644373,75767800
2019-12-03,280.7803649902344,280.862024736105,278.58529565869156,279.9640166629559,73941700
2019-12-04,282.5128173828125,283.1114801298138,281.4787836789131,281.82347080730165,49080000
2019-12-05,283.0207824707031,283.2294161852713,281.71461417355385,283.2112849549353,40709000
2019-12-06,285.6059265136719,286.0050350565463,284.9165521793852,284.9256316357635,48927000
2019-12-09,284.7080078125,285.8871747838236,284.6354275082883,285.2159592168802,34838500
2019-12-10,284.390380859375,285.3155716392044,283.73729687324226,284.65343588078895,52649800
2019-12-11,285.1977844238281,285.4517600872291,284.3088557612892,284.8440177776958,53429100
2019-12-12,287.656005859375,288.43606434491454,284.971115416226,285.2069322451228,96389600
2019-12-13,287.8282165527344,289.0527527941986,286.6490222278449,287.42002857849036,81503900
2019-12-16,289.8055725097656,290.3951557751756,287.76468819631657,289.55159690245364,82749700
2019-12-17,289.8690490722656,290.4858429696505,289.78741702831144,290.1865254751517,61097700
2019-12-18,289.8873291015625,290.48599207912287,289.8329077109913,290.2592270579838,48133000
2019-12-19,291.0755310058594,291.1481113030199,289.8237838519317,290.077759529448,85310500
2019-12-20,292.3515930175781,293.48186803995895,291.13016050237536,292.1054650052227,147142100
2019-12-23,292.79827880859375,293.1902254958816,292.6524323585263,293.13553655427705,52990000
2019-12-24,292.8073425292969,293.07166308676193,292.5065255951328,293.0260982506087,20270000
2019-12-26,294.3659973144531,294.37512140753176,293.1810335432235,293.1901298189452,30911200
2019-12-27,294.2930908203125,295.1499211381323,293.7644218965359,295.0952322086851,42528800
2019-12-30,292.67059326171875,294.5118799794698,292.18748916413625,294.3751576532409,49729100
2019-12-31,293.3815612792969,293.6276892705335,291.82287121002,292.16925296260575,57077300
2020-01-02,296.12530517578125,296.1435533670269,293.9923531023892,294.9129966046256,59151200
2020-01-03,293.8829650878906,295.0041439336054,292.688876931802,292.74356586892327,77709700
2020-01-06,295.00408935546875,295.0861227459739,292.0142796533682,292.13278160099514,55653900
2020-01-07,294.1745910644531,294.9129193650481,293.72792775638845,294.43891159464124,40496400
2020-01-08,295.7424621582031,296.95477064555246,294.11995883928836,294.3660590478099,68296000
2020-01-09,297.7477722167969,297.820709338136,296.71775096243204,297.3011366636997,48473300
2020-01-10,296.8910217285156,298.4861809242892,296.42616567870095,298.3312381801406,53029300
2020-01-13,298.9327697753906,298.94186605271307,297.082386683004,297.510801872737,47086800
2020-01-14,298.4769592285156,299.54342106499274,297.92091807745555,298.49517959741576,62832800
2020-01-15,299.1515197753906,299.9080685509151,298.3038135068561,298.38584690535674,72056600
2020-01-16,301.6400146484375,301.6400146484375,300.30008000636747,300.52795985830204,54050300
2020-01-17,302.5788879394531,302.7885196066415,301.57621099627295,302.3510080804288,95846000
2020-01-21,301.9863586425781,302.7885001455664,301.5488471444855,301.62175645504635,77742400
2020-01-22,302.02288818359375,303.4904491427102,301.8679454358583,302.84325022550865,48914900
2020-01-23,302.3692626953125,302.7794576149532,300.2636547848771,301.37570973553994,51963000
2020-01-24,299.68023681640625,303.1075588185603,298.3949910655985,303.02552540689584,87578400
2020-01-27,294.87646484375,296.3531215152195,294.1107920443717,294.4480497017618,84062500
2020-01-28,297.96661376953125,298.8416646744203,294.9677069156235,296.2985175568416,63834000
2020-01-29,297.7203674316406,299.55252974536654,297.5198321146291,299.3246499677332,53888900
2020-01-30,298.6866149902344,298.89627442765044,294.9129398382602,295.66036446661803,75491800
2020-01-31,293.2630920410156,298.22175888029057,292.3515728105219,298.06678837146853,113845600
2020-02-03,295.4416198730469,297.30112696346464,294.6212580975968,294.73976005288546,69083000
2020-02-04,299.944580078125,300.8105346597248,298.7231473854342,299.0421847479902,62573200
2020-02-05,303.4083557128906,303.6180152040548,301.4121536768775,302.8705625667215,65951100
2020-02-06,304.42919921875,304.6206104661579,303.3535853975724,304.365386197161,50359700
2020-02-07,302.8067626953125,304.4383624299263,302.2598454793981,303.37190028539015,64139400
2020-02-10,305.0672607421875,305.13107376686384,301.88606741089336,301.92253597033135,42070000
2020-02-11,305.59600830078125,307.20026355708615,305.0673114617923,306.41637021168424,54864500
2020-02-12,307.5649719238281,307.77460363978815,306.6625485563307,307.0271508521227,43992700
2020-02-13,307.23681640625,308.20302502685064,305.8695369072069,306.1429816800665,54501900
2020-02-14,307.7289123535156,307.84741430987003,306.4527909338537,307.64687895696886,64582200
2020-02-18,306.9358825683594,307.79271287619065,305.550355525555,306.735347223604,57226200
2020-02-19,308.4035339355469,309.07804952882344,307.61964044253574,307.90220928930677,48814700
2020-02-20,307.1364440917969,308.67691395841035,304.15575813081296,307.8565243216202,74163400
2020-02-21,303.9735107421875,306.0973387829116,303.1531209980254,305.7874255135602,113788200
2020-02-24,293.89208984375,304.0464012409805,292.8164758374308,294.5483849080448,161088400
2020-02-25,284.98651123046875,295.8882745622072,284.1114604678439,295.27757219253857,218913200
2020-02-26,283.93829345703125,289.9634233462724,283.2090890630601,286.3811587759355,194773800
2020-02-27,271.1861877441406,283.9930261776727,271.1861877441406,278.4327514100049,284353500
2020-02-28,270.04669189453125,271.5324726677233,260.2752047841163,263.15560884540804,384975800
2020-03-02,281.74151611328125,281.80532914475464,268.40598340350584,271.8241810091955,238703600
2020-03-03,273.67449951171875,286.07116546161603,271.2407589694564,282.11517570579525,300139100
2020-03-04,285.17791748046875,285.3967010302959,276.4911395839047,279.0342862432625,176613400
2020-03-05,275.6980895996094,281.17632889627316,273.46488424875696,277.9951357880224,186366800
2020-03-06,271.14056396484375,272.3437762979566,264.55029623787203,267.2119174164198,228667200
2020-03-09,249.9659881591797,259.04471406948755,249.25500410266218,250.94129282702897,309417300
2020-03-10,262.90045166015625,262.9915813511426,249.30056924454237,259.4549092564181,276444100
2020-03-11,250.0845184326172,256.99385297422504,246.91244784598598,255.86357750702288,255316300
2020-03-12,226.1570587158203,243.06574485920348,225.7650981762707,233.34894558391483,392220700
2020-03-13,245.49037170410156,247.45925662714072,226.53076847464146,239.8115967480577,329566100
2020-03-16,218.62789916992188,234.1692913616769,216.35821121478764,219.84020754106757,297240000
2020-03-17,230.43206787109375,233.50389718402428,216.09387404457632,223.35866962977036,262070500
2020-03-18,218.76463317871094,226.39404531004064,207.84463580030425,215.34643578529358,327597100
2020-03-19,219.22946166992188,225.49160757151066,211.6729741771973,218.08095256947013,289322000
2020-03-20,209.78199768066406,224.14949538908877,209.50693107809147,222.37074721498362,347158800
2020-03-23,204.41822814941406,210.58882164978553,200.11806218300114,209.22268050674896,326025200
2020-03-24,222.93919372558594,223.81024024329707,214.3663807599711,214.93484144271505,235494500
2020-03-25,226.27664184570312,235.04201992086357,219.82181757105965,224.5162352253458,299430300
2020-03-26,239.48887634277344,240.95586078896224,228.34878482606823,228.77971920189324,257632800
2020-03-27,232.35552978515625,239.1312666476789,230.18253051508594,232.2180034986201,224341200
2020-03-30,239.9014892578125,240.61665407010992,232.45643301160396,234.44605962945386,171369500
2020-03-31,236.32568359375,241.44185872909284,234.922859122693,238.90211266816877,194881100
2020-04-01,225.68984985351562,236.24314028710725,223.62687128450554,227.36774076850008,189554600
2020-04-02,230.89776611328125,231.67710529382802,224.25955349816576,224.8096867942336,177660400
2020-04-03,227.56027221679688,232.26386743063676,224.83713961830722,229.91664470662855,135561200
2020-04-06,242.84463500976562,244.80677011871967,227.54193143111638,236.40815247528656,188061200
2020-04-07,243.09225463867188,252.16935565660157,242.87221252313967,251.41750778727922,201427200
2020-04-08,251.25245666503906,253.05871017209918,243.20225678677284,245.68699208459705,153774500
2020-04-09,255.07594299316406,257.8265820851927,252.57285134627685,254.50745407681535,189999200
2020-04-13,252.74700927734375,254.44324196832764,248.8502713568677,254.10400102631928,114839100
2020-04-14,260.2011413574219,261.2188637812924,252.60938312795597,257.6247131889089,134143400
2020-04-15,254.6724090576172,260.3387165438089,252.5635698315606,254.4981997482188,121775000
2020-04-16,255.90106201171875,256.7537531911925,252.83868798344852,255.9468947921866,131798300
2020-04-17,262.8143005371094,263.4194162623719,258.9267132107058,261.65902364519036,146684800
2020-04-20,258.1841735839844,262.95195962666753,257.96413139095137,259.1193808853248,100109300
2020-04-21,250.34474182128906,254.929138502849,249.4095069904513,253.72802881075526,126385700
2020-04-22,255.90106201171875,257.64312738360485,253.89309376267377,255.21340241905787,92951600
2020-04-23,255.88270568847656,260.3387543846184,255.58014778029658,257.17550907621705,104709700
2020-04-24,259.4493103027344,260.1186421969253,255.35085912854342,257.3955098331214,85063200
2020-04-27,263.190185546875,264.3087793852271,260.96217561684955,261.420615255831,77896600
2020-04-28,261.97998046875,267.17867138306195,261.67739457497856,266.8302527082662,105270000
2020-04-29,268.838134765625,270.369335297768,266.27088427087654,267.29778446877594,118745600
2020-04-30,266.33514404296875,268.93907823852754,264.60222850800403,267.4628878219718,122901700
2020-05-01,259.2843322753906,266.5001686462375,258.11987753446385,261.59485828058166,125180000
2020-05-04,259.9994201660156,260.3019779656264,255.92847461294295,257.4046365732007,80873200
2020-05-05,262.4017028808594,265.20735144767355,260.1278320243504,262.81430977989436,79569900
2020-05-06,260.6229553222656,264.4830095523587,260.192020908388,264.09793589455825,73632600
2020-05-07,263.7678527832031,265.6933050734505,263.2635803176103,263.8320410550969,75250400
2020-05-08,268.13226318359375,268.5998807173139,265.7666982281265,266.89447017023934,76452400
2020-05-11,268.1872253417969,269.56254444611375,265.7850057832069,266.20676247386785,79514200
2020-05-12,262.841796875,269.78255179515514,262.7042425975372,269.36997290557235,95870800
2020-05-13,258.1932373046875,263.31858964743844,255.7726623265701,262.2825114779081,144721100
2020-05-14,261.2831115722656,261.41146013220174,250.29888679853764,255.7635079143885,121977900
2020-05-15,262.4842529296875,262.53008571070245,257.954866120157,258.89925085277906,111146300
2020-05-18,270.47943115234375,272.0839701507051,268.3706196611589,268.6915050760796,119703800
2020-05-19,267.7012634277344,271.58882289589167,267.6829359139752,269.88344074536735,95189300
2020-05-20,272.24896240234375,273.1108311782877,271.00201999174817,271.2312398155431,85861700
2020-05-21,270.36944580078125,272.9275475763484,269.27835689934,272.12068909653203,78293900
2020-05-22,270.88275146484375,271.0569607245508,268.8472788343605,270.085071160358,63958200
2020-05-26,274.22015380859375,277.0716619946049,270.90105636847915,276.8332645052289,88951400
2020-05-27,278.30035400390625,278.3370370080894,272.1939349208289,277.0075509205538,104817400
2020-05-28,277.7868957519531,281.33521382254526,277.11756385460404,279.3272461114309,90405200
2020-05-29,279.0246887207031,279.6114768667384,274.57781894297864,277.3192788350179,119090800
2020-06-01,280.1525573730469,280.75770128141716,277.86953606765337,278.38298641761384,55758300
2020-06-02,282.4721984863281,282.5180592457431,279.73991573138625,281.0693740975131,74267200
2020-06-03,286.2313537597656,287.1849160018017,284.17755322085765,284.4526057998422,92567600
2020-06-04,285.4795227050781,286.98321817364206,283.3890390401753,285.2503028822557,75794400
2020-06-05,292.7962646484375,294.565835177491,290.7974742690629,290.8616625425781,150524700
2020-06-08,296.3354187011719,296.52795553104175,293.0621526886974,293.60310815038525,73641200
2020-06-09,294.1257019042969,296.408722278723,292.8145433136846,293.6764120455833,77479200
2020-06-10,292.4844970703125,295.59273133209695,291.76933233464445,294.7033572907335,95000800
2020-06-11,275.62310791015625,286.2039042091924,275.07300264511355,285.57125517345406,209243600
2020-06-12,278.9238586425781,283.38905659074294,273.7801789307393,282.6188812960742,194678900
2020-06-15,281.5278015136719,282.65557322051234,272.0747773753375,273.2483818586524,135782700
2020-06-16,286.9465637207031,289.4038217313861,282.0962919334156,289.25711767246935,137627500
2020-06-17,285.75457763671875,288.2576679504427,285.0210574809537,287.96425988813667,83398900
2020-06-18,285.86468505859375,286.34145231822947,283.7833786982742,284.2418184413267,80828700
2020-06-19,284.2309875488281,289.5170263493881,282.2878438676283,289.32364222607004,135549600
2020-06-22,286.05438232421875,286.45036871018254,282.4904486423991,283.6323733290194,74649400
2020-06-23,287.3712463378906,289.6274972240298,286.9660418676936,288.69736494870455,68471200
2020-06-24,280.0408020019531,285.9530836646762,278.2081916960514,285.3360587710118,132813500
2020-06-25,283.04296875,283.3100417218154,277.45301313177083,279.46981736237365,89468000
2020-06-26,276.3202819824219,282.1589024781775,275.7401296700566,281.94708210428337,127961000
2020-06-29,280.38153076171875,280.5196622715444,275.28887633629,277.5727536803356,79773300
2020-06-30,283.97308349609375,285.6675903215087,279.792153347328,279.9486930198918,113394800
2020-07-01,285.9622497558594,287.22392574002134,284.62694111006857,285.08739818187286,72396500
2020-07-02,287.5370178222656,290.7325908541107,286.8739585501112,289.38803604130976,69344200
2020-07-06,291.975830078125,292.55601050927066,290.6036769406393,291.3496151795207,61713800
2020-07-07,288.9644775390625,292.4086879039096,288.5868993171508,290.4379459868934,82910000
2020-07-08,291.1746520996094,291.28515730964824,287.9698885921955,289.7288100254336,54638600
2020-07-09,289.51702880859375,292.0219167134949,286.10963481375455,291.78247001320926,83354200
2020-07-10,292.4731140136719,292.74018697945144,288.02511114921197,289.45251680342045,57550400
2020-07-13,289.9405822753906,297.18817150586733,289.28674115516975,294.8122255722936,102997500
2020-07-14,293.6979675292969,294.4715320808562,287.32522893206374,288.522406144319,93657000
2020-07-15,296.396240234375,297.4921303782736,294.0202658653574,296.91194993690715,87196500
2020-07-16,295.4200439453125,295.87128286396967,293.85447872341933,294.49912983927373,54622500
2020-07-17,296.2765197753906,297.0593024720893,294.45309952821765,296.4238694209868,62774900
2020-07-20,298.6709289550781,299.4168672808463,295.26353484413016,296.0094731698983,56308800
2020-07-21,299.3063049316406,301.0744442907489,298.3209200855165,300.632423503006,57292200
2020-07-22,301.0100402832031,301.3231758826921,298.83669598418305,298.94720120561465,57792900
2020-07-23,297.4183349609375,301.3506551641714,296.0554004228012,300.65075163114295,75738000
2020-07-24,295.5029602050781,296.5251615020732,294.0018655257891,295.56743094562876,73766600
2020-07-27,297.6579284667969,297.8329044364121,295.40167713485863,296.1936780663919,48293000
2020-07-28,295.7699279785156,298.04458642298647,295.4752287871851,296.9302603752794,57495000
2020-07-29,299.4075927734375,299.9693649980808,296.60800599281623,296.64485042658015,48454200
2020-07-30,298.33929443359375,298.7537169791964,294.3609672745089,296.4422138237154,61861700
2020-07-31,300.6968994140625,300.79821459184643,295.9173523890963,300.1259370973195,84986800
2020-08-03,302.7873840332031,303.551730444188,301.8112172413089,302.35455324026356,53077900
2020-08-04,303.9569091796875,303.9569091796875,301.9308868941844,301.9308868941844,41917900
2020-08-05,305.8447570800781,306.1026399985558,304.988313743364,305.2553866917395,42697700
2020-08-06,307.88922119140625,308.00894452980793,304.942312718452,305.264638297825,43679400
2020-08-07,308.1103210449219,308.3958022453001,306.0198274823178,306.9223336634307,57308300
2020-08-10,309.0311279296875,309.21529387333,306.62752769620295,308.5614527808773,44282100
2020-08-11,306.4802551269531,310.8454078392464,305.75275309496504,310.20997475019243,69601100
2020-08-12,310.7532958984375,311.52686046889016,308.88384116049235,308.91146746286313,53774400
2020-08-13,310.1915588378906,311.4992695414481,309.2706445155212,309.9889565628064,41816100
2020-08-14,310.2007751464844,310.7349211885929,309.0772585556513,309.80478873517694,47260400
2020-08-17,311.1861267089844,311.58211307766084,310.2099598864431,311.2137530113555,35481000
2020-08-18,311.8583984375,312.2820111007127,309.98891563003593,311.58210731482745,38733900
2020-08-19,310.5599365234375,312.7516889289628,309.998164191715,312.23597917424223,68054200
2020-08-20,311.52679443359375,312.0056596078708,308.7087997728297,308.8377131218765,42207800
2020-08-21,312.6318664550781,312.85287680171285,310.85448123734926,311.19524299382766,55106600
2020-08-24,315.7999267578125,315.8735875319697,312.60435318835533,315.0631784958775,48588700
2020-08-25,316.9049377441406,316.9878166359839,315.20124113429597,316.3616018282348,38463400
2020-08-26,320.0821228027344,320.34916765874164,316.9510204608459,317.4943564112972,50790200
2020-08-27,320.78204345703125,322.22788555251475,319.1244090738759,320.94782937860447,58034100
2020-08-28,322.85406494140625,322.983006410203,320.61625033931085,321.804237442081,48588900
2020-08-31,321.6845397949219,323.5171500758055,321.4543112428884,322.6422984405211,66099200
2020-09-01,324.7142333984375,324.8155204333197,321.6199482076588,322.51323577806147,54908700
2020-09-02,329.4109802246094,330.3779287745175,325.47865908576307,326.6206116646277,69540000
2020-09-03,318.0745544433594,328.19539204398836,315.4959779391516,327.72571683022153,148011100
2020-09-04,315.4774475097656,320.3214349915934,308.38640000142607,318.75589839254593,139156300
2020-09-08,306.8578186035156,315.54206103531834,306.5539292774732,310.0810183653904,114465300
2020-09-09,312.91741943359375,315.37624441716423,309.98889114735533,310.8545526760322,91462300
2020-09-10,307.4840393066406,315.4407229555937,306.5262807206502,314.78688177765224,90569500
2020-09-11,307.64056396484375,310.32042738546795,304.8225690491499,309.26138178450964,84680200
2020-09-14,311.692626953125,313.4607946662511,307.78795955439836,310.79933901286097,65605700
2020-09-15,313.2673645019531,314.97103311859536,311.70179927663685,314.1422160421619,52920900
2020-09-16,312.0242004394531,315.9288682104032,311.7479092776505,314.50146223868563,82096000
2020-09-17,309.27978515625,310.99269998077335,306.6551743743273,307.1801021515254,91523300
2020-09-18,305.7191162109375,310.1941787550104,303.24119391420174,310.08323122180803,105877900
2020-09-21,302.3166809082031,302.46462040076045,297.4717824473857,301.1424482202814,99450800
2020-09-22,305.3955993652344,305.9503654275353,301.2903700074111,303.79605821576513,63612100
2020-09-23,298.3130798339844,306.22765682115056,297.8137877286705,305.95025977750316,93112200
2020-09-24,299.1082458496094,302.15941605078405,295.68721289484193,297.0001579503366,76681300
2020-09-25,303.9439392089844,304.7298270780176,297.38852490576954,298.25762343564503,71069400
2020-09-28,308.9921875,309.7041195983492,307.1059949203024,308.0953240484511,64584600
2020-09-29,307.30950927734375,309.5285451633514,306.6160587994306,308.78887594020625,51304000
2020-09-30,309.6394958496094,312.78313211808506,307.781039690102,307.97519790754353,104081100
2020-10-01,311.6274108886719,313.1992150632846,309.7504726983646,312.2283956676877,88698700
2020-10-02,308.6686706542969,311.5996670640401,306.2184846303253,306.6900399805022,89431100
2020-10-05,314.1423034667969,314.3272066536649,310.675051276602,310.7212700191764,45713100
2020-10-06,309.67645263671875,316.37057974539914,309.16793362544905,314.28097349200937,90128900
2020-10-07,315.06689453125,315.87129250041943,312.5981986311307,312.62593551915137,56999600
2020-10-08,317.8591613769531,317.9238901844621,316.083915987055,316.99928967685366,45242500
2020-10-09,320.69769287109375,321.15999312657567,318.8854837702439,319.5049503113114,59528600
2020-10-12,325.85693359375,327.3270449402805,322.74103455582997,323.23107167134015,80388500
2020-10-13,323.7304382324219,325.89400042178966,322.7688456316229,325.7183240365502,73255500
2020-10-14,321.69622802734375,325.39462982999737,320.96581398724754,324.30360807019053,57727900
2020-10-15,321.2986755371094,321.7794576418191,317.2581758442864,317.79443172197927,60357700
2020-10-16,321.1044921875,324.30360178414776,320.9288158479538,322.6485591089017,89501900
2020-10-19,316.22265625,322.9907111121093,315.3257925506402,322.36198948401005,68425600
2020-10-20,317.4892578125,320.7253588857788,316.80506261487807,317.56321342174476,60051900
2020-10-21,316.888427734375,319.6067562183945,316.58329368315754,317.44316561554155,63575000
2020-10-22,318.6265563964844,319.2090592108434,314.9651464132425,317.10097125484754,55399300
2020-10-23,319.7083740234375,319.9025322364598,317.258188232449,319.84705846131055,49143900
2020-10-26,313.8001708984375,317.1194832403807,310.31440902526583,316.333567187947,91473000
2020-10-27,312.7184143066406,314.475149793473,312.5057460118679,314.14230712329396,65994100
2020-10-28,302.030029296875,312.7461466489848,301.5399921174108,307.05985871686283,127094300
2020-10-29,305.0997314453125,308.26184985459844,300.5784207406355,302.2612006889962,90597700
2020-10-30,301.91900634765625,304.8314918083679,298.27607870942455,303.52780192819796,120287300
2020-11-02,305.3031311035156,307.3002435800331,302.566292996373,305.3031311035156,86068300
2020-11-03,310.6934814453125,312.74609552911073,305.38628400502864,308.5299198245358,93294200
2020-11-04,317.6373291015625,321.7055664962755,313.9851450876126,315.1593778065313,126959700
2020-11-05,323.83209228515625,325.63507467035436,322.55613899305547,322.907491721787,82039700
2020-11-06,323.7581787109375,325.0063952769409,321.4374219661164,323.54551039577217,74973000
2020-11-09,327.82635498046875,336.9059387720614,327.36405472488747,336.52684917649657,172304200
2020-11-10,327.3456115722656,328.39964160698554,324.08177251066513,326.83706430106344,85552000
2020-11-11,329.77728271484375,330.60016251209254,328.2886611922482,329.5276225136965,58649000
2020-11-12,326.5781555175781,329.8235125087104,324.7752013576145,328.76945432758134,67546200
2020-11-13,331.0993957519531,331.83906475599196,327.9649869763122,328.48276092245214,62892200
2020-11-16,335.23248291015625,335.4266411567119,332.4771626634018,333.7623711816577,74541100
2020-11-17,333.4294738769531,334.63147162301595,331.3213855742676,332.82848911220765,66111000
2020-11-18,329.4166259765625,334.2430411433111,329.3796340603069,333.6975302989405,70591300
2020-11-19,330.8035888671875,331.173423449706,327.44728430310664,328.7879664083773,59940900
2020-11-20,328.5383605957031,330.7481698548991,328.46440495358206,330.5447565683479,70417300
2020-11-23,330.5076904296875,331.7651617960009,328.1129784945893,330.34126910985094,63230600
2020-11-24,335.8334655761719,336.3789766002486,332.1997916166957,333.0504084548386,62415900
2020-11-25,335.315673828125,335.7779741513508,334.2246518372895,335.7502372606201,45330900
2020-11-27,336.2494812011719,336.7210082758483,335.24164181075275,336.40664748720786,28514100
2020-11-30,334.7608947753906,335.74096916518056,332.08881368370197,335.47282708749947,83872700
2020-12-01,338.42230224609375,339.95714263167446,337.41449097572354,338.00624890506265,74231400
2020-12-02,339.1341552734375,339.2913215247088,336.73944385887,337.31269153585873,45927000
2020-12-03,339.041748046875,340.4286487496057,337.94147123204993,339.03249301288866,62882000
2020-12-04,341.9635009765625,341.9635009765625,339.5317971440086,339.6242628374325,50749900
2020-12-07,341.2608642578125,341.75090149337296,339.99416583098116,341.1961354377298,48944300
2020-12-08,342.2594299316406,342.82342277579136,339.94792834104476,339.9941470862278,42458900
2020-12-09,339.1896667480469,343.0729715480787,338.35753202065183,342.9158052793327,74098300
2020-12-10,339.07879638671875,340.12357138803657,336.95219802540623,337.82132486772645,57735400
2020-12-11,338.6811828613281,339.08800937588853,335.8704174000004,337.38674768616795,57698600
2020-12-14,337.1647644042969,341.9171954938573,336.98908808183313,340.844683926744,69216200
2020-12-15,341.7231140136719,341.7231140136719,338.329845795208,339.6982365511047,63865300
2020-12-16,342.2594299316406,343.17477553221346,341.05743217458746,341.9358140656428,58420500
2020-12-17,344.17333984375,344.37675311713696,343.07306280359876,343.8959709330282,64119500
2020-12-18,342.7990417480469,344.6282701572163,340.79338813671035,344.46113944048307,136542300
2020-12-21,341.57330322265625,351.4158499609156,336.15991810187626,338.88983270358017,96386700
2020-12-22,340.9976806640625,342.0097878229692,339.87415302334546,341.8983673411588,47949000
2020-12-23,341.30419921875,343.20769903686835,340.97920384235437,341.9634561227385,46201400
2020-12-24,342.6319885253906,342.6598436511462,341.19275979993,341.77771744079797,26457900
2020-12-28,345.5754089355469,345.96538061700096,344.5540073036612,345.17611443159626,39000400
2020-12-29,344.9161071777344,347.2746111341923,344.33112134700883,347.0981859364546,53680500
2020-12-30,345.40826416015625,346.4389603203097,345.0182924625775,345.733259466037,49455300
2020-12-31,347.16326904296875,347.8875306310018,344.7026385411162,345.2133252792332,78520700
2021-01-04,342.4369201660156,348.62101162593734,338.75060828235917,348.49100217915696,110210800
2021-01-05,344.7953796386719,345.88178590422,341.74976397277425,341.79620806023695,66426200
2021-01-06,346.85675048828125,350.0416701451585,342.743317442046,343.29115366008426,107997700
2021-01-07,352.01019287109375,352.7530149569909,349.04814233936133,349.22456754371,68766800
2021-01-08,354.0158386230469,354.2293850911422,350.1531015213458,353.3937031789076,71677200
2021-01-11,351.6294860839844,353.3844152987946,350.7287994312137,350.84951439553026,51034700
2021-01-12,351.7037353515625,352.71584242095815,349.4659464169587,351.8151841603632,52547700
2021-01-13,352.65087890625,353.6443970420134,350.84950564563337,351.6294773146356,45303600
2021-01-14,351.4158935546875,353.8951124303812,351.0816321351394,353.3936919642144,49989100
2021-01-15,348.8530578613281,350.5986921032869,346.99597483483575,349.8001600035775,107160000
2021-01-19,351.5923156738281,352.13088573862603,349.82809207789774,351.3044700083426,51233300
2021-01-20,356.45794677734375,357.2936287805517,353.4866015027723,353.87657321374,61836100
2021-01-21,356.78289794921875,357.44218304043847,355.86365062010475,357.0150334029827,47840100
2021-01-22,355.5200500488281,356.6807271719311,354.5543587480902,354.9350642448892,52860500
2021-01-25,356.9222106933594,357.27503278883,351.4159360582794,356.25365943655754,70402000
2021-01-26,356.3650817871094,358.2778757163541,356.1329463264064,357.869315038569,42665300
2021-01-27,347.6553039550781,353.1429888444501,345.4268095254111,353.05012900637144,123351100
2021-01-28,350.6452941894531,354.6380131608825,349.0296402961442,349.4660278006509,94198100
2021-01-29,343.62548828125,349.75387014169314,341.95409595375736,348.7881786860428,126765100
2021-02-01,349.34527587890625,350.375943628793,343.9133009262217,347.01462699809997,75817600
2021-02-02,354.28515625,355.8358337158987,349.42890017127894,352.52093227928594,64450700
2021-02-03,354.5636901855469,356.2814981741382,353.2915924599428,355.11152644432576,52427100
2021-02-04,358.59356689453125,358.63998265068375,354.6751192898168,355.59436662167684,47142600
2021-02-05,360.0049133300781,360.71061412663744,358.54712432112404,360.4599180558391,48669800
2021-02-08,362.6048889160156,362.6513046740329,360.59923510850524,361.4534777465929,38365200
2021-02-09,362.3634033203125,362.95768361802595,361.3605907389764,361.76912302259905,35551100
2021-02-10,362.20550537109375,364.2483082851128,359.809880441782,364.0997382243803,59154400
2021-02-11,362.7906494140625,363.7006308067543,360.367168312061,363.28277555758314,42913300
2021-02-12,364.58258056640625,364.82398210881274,361.91764242159826,361.99194161683124,50593300
2021-02-16,364.2669372558594,366.0033342269587,363.55197027023985,365.8083200461877,50972400
2021-02-17,364.3505859375,364.60128206037706,361.50922152730385,362.52135717971964,52290600
2021-02-18,362.7999267578125,363.54274901362083,360.0328614317489,361.750669777265,59712800
2021-02-19,362.1590576171875,364.34113591503007,361.71334747438164,364.0532903030635,83241000
2021-02-22,359.3735656738281,361.77848576262124,359.1042805920692,359.401420796986,67414200
2021-02-23,359.8099060058594,361.15630279532843,353.0315629822929,357.1728509983925,107284100
2021-02-24,363.7747802734375,364.2019298681405,357.7392590796617,358.7235110381606,72433900
2021-02-25,355.0094299316406,363.87702252268934,353.5702012493284,362.51206472788135,146670500
2021-02-26,353.18011474609375,358.0271036542426,351.20234468696304,356.8850154751008,152701600
2021-03-01,361.7413024902344,362.9855734404292,353.37516012939244,358.03642977075657,105348800
2021-03-02,358.91851806640625,362.19626914684636,358.41709761211445,361.9641337209318,79595300
2021-03-03,354.16448974609375,359.18787685432164,354.0623353944959,358.22221361056233,119940200
2021-03-04,349.7817077636719,356.5600515760826,345.306129482108,353.9787065028338,183433000
2021-03-05,356.2164611816406,357.26571784913307,346.01179684391315,353.27297148908974,152039600
2021-03-08,354.4429931640625,359.977094609663,354.16444194612137,357.17290844727864,123149200
2021-03-09,359.5035095214844,362.04770476168795,357.77640719038783,358.2778276525571,113633600
2021-03-10,361.7413024902344,363.431255369481,360.4320834867978,361.84345682354007,109899400
2021-03-11,365.4090576171875,367.3775617218999,363.7469598417814,364.201964598063,86245000
2021-03-12,365.9011535644531,366.04042915723414,363.2455378059453,364.0533645809201,64653600
2021-03-15,368.083251953125,368.343242519141,364.0162344057818,366.15186917399524,73427200
2021-03-16,367.6189880371094,369.40177242737843,366.84828247321997,368.6960999272851,73722500
2021-03-17,368.87255859375,369.6710910137919,365.19551232371896,366.33762904443535,97959300
2021-03-18,363.50555419921875,368.37110416522074,362.8277084837041,366.2911796002453,115349100
2021-03-19,362.83294677734375,364.77995178052817,360.66234252833834,363.205574280837,113624500
2021-03-22,365.7301330566406,367.1088860050199,363.2893903689639,363.34528306947146,73778600
2021-03-23,362.8515625,366.5406230570263,362.0690362260645,365.09668084256,90686600
2021-03-24,361.0070495605469,365.87923909623805,360.9604817803928,364.248968775631,97588600
2021-03-25,363.037841796875,363.8296644620866,357.6346443016574,359.5723525170637,116128600
2021-03-26,368.8882751464844,369.2888490443927,363.58756519155156,364.18376357430776,114409100
2021-03-29,368.7018737792969,369.60551031662703,365.935071468474,367.4162848468423,108107600
2021-03-30,367.7237854003906,368.39452632963565,366.13075792489735,367.43499693096027,76262200
2021-03-31,369.2142333984375,370.76998933005086,368.26402908759354,368.2919754370403,112734200
2021-04-01,373.201416015625,373.2573371455199,370.93767636691575,371.1426257443496,99682900
2021-04-05,378.5580749511719,379.09840904135075,375.7819756542243,375.8564897892532,91684800
2021-04-06,378.33453369140625,379.37790224132345,377.6637927050794,377.9991774130732,62021000
2021-04-07,378.7723388671875,379.1170200378233,377.7103490017058,378.16681558663885,55836300
2021-04-08,380.5702209472656,380.6261136446718,379.08900760669604,380.02059046966957,57863100
2021-04-09,383.3370666503906,383.5047731912766,380.328071856803,380.4491821914655,61104600
2021-04-12,383.4768371582031,383.7469757570129,382.135355372954,382.74087863290447,56704900
2021-04-13,384.6133117675781,385.2374848347506,382.99236657978923,383.374318989603,56551000
2021-04-14,383.29986572265625,385.6381198974038,382.7595316211662,384.585426479011,61659900
2021-04-15,387.41748046875,387.687647542853,385.38663602263046,385.43320380831716,60229800
2021-04-16,388.7123718261719,389.31789515278274,387.2870508261419,388.7030468977185,82037300
2021-04-19,386.8026428222656,388.2279639453747,385.479810632014,387.78082221556,78498500
2021-04-20,383.9705810546875,386.6907875184191,382.4986639809094,385.59152639170094,81851800
2021-04-21,387.60369873046875,387.80864810285476,383.21592286206607,383.3556830388797,66793000
2021-04-22,384.06365966796875,388.2651075101176,383.0016699793457,387.43601353904774,97582800
2021-04-23,388.22784423828125,389.63454349879055,384.548108882875,384.6226230049808,73209200
2021-04-26,389.038330078125,389.60661044348035,388.29307511302295,388.87997690212677,52182400
2021-04-27,388.9545593261719,389.5321647196547,387.81802682554365,389.3365118024942,51303100
2021-04-28,388.8427429199219,390.342606350338,388.3769514146441,389.2246953658085,51238900
2021-04-29,391.3207702636719,391.93561848281814,387.9484442011052,391.5629909520302,78544300
2021-04-30,388.7496032714844,389.9047856090629,387.85529148566474,389.05704160482367,85527000
2021-05-03,389.5880432128906,391.1158246327663,389.0943053331574,390.73387217038277,68128300
2021-05-04,387.1845703125,388.0975320013042,383.504834060297,387.6037940867692,101591200
2021-05-05,387.3056335449219,389.0570141395226,386.7466780571217,388.8241183887439,60162200
2021-05-06,390.39849853515625,390.52890537303807,385.3772524687335,387.38015025282107,74321400
2021-05-07,393.2397766113281,393.89189602548134,390.48229913565626,391.16236490015007,67733800
2021-05-10,389.3458557128906,393.8174433660176,389.224745357218,393.5938725122595,81852400
2021-05-11,385.8709716796875,386.8584473474661,382.0049080638009,384.8369282355566,116888000
2021-05-12,377.673095703125,384.3618553205323,376.3595601632733,383.0949159919616,134811000
2021-05-13,382.2098693847656,384.1382530041698,379.1728997288725,379.21949593633536,106394000
2021-05-14,388.07879638671875,388.92654024691893,384.91142017662577,384.93936652675745,82201600
2021-05-17,387.09136962890625,387.90187074432333,385.0791468765085,386.97028771615726,65129200
2021-05-18,383.7563171386719,387.59443468838975,383.5979355139091,387.3522140021612,59810200
2021-05-19,382.7502136230469,382.92721668401646,377.5985602871788,379.0798024141684,106467100
2021-05-20,386.8677062988281,388.1253487720792,383.504706017484,383.6257879012821,78022200
2021-05-21,386.5510559082031,389.5880256140857,386.0945893314259,388.3490042918943,76578700
2021-05-24,390.4916687011719,391.5629834929008,388.54463516280316,388.7868558465473,51376700
2021-05-25,389.6252136230469,391.9262244678643,389.0476367876896,391.572218425638,57451400
2021-05-26,390.39849853515625,390.90153289083105,389.1781270673312,390.21217056143115,43088600
2021-05-27,390.6033935546875,391.93555024942225,390.3239016330106,391.4231910374945,56707700
2021-05-28,391.3021545410156,392.4293620777178,391.0692587771713,392.1685199593985,58520200
2021-06-01,390.95745849609375,393.7987753351119,390.5196133395258,393.65904356804924,54216600
2021-06-02,391.57232666015625,392.4107742254593,390.60350066902646,391.60959794586466,49097100
2021-06-03,390.1189880371094,391.2555203916502,387.79935555163786,389.2619476298755,58138800
2021-06-04,393.6869812011719,393.9850945840739,390.18422002621526,391.96354696648706,55938800
2021-06-07,393.3050537109375,393.85468430384935,392.3734706525122,393.67768124837585,51555000
2021-06-08,393.3888854980469,394.2552509032389,391.5629906976117,394.1620869131879,47134300
2021-06-09,392.8019714355469,394.3018348687151,392.57840061009364,394.2272923071258,48436300
2021-06-10,394.62786865234375,395.5781015257895,392.7088099094243,394.0223453765083,51020100
2021-06-11,395.2799987792969,395.3917841957337,393.8919491424424,395.17753829078254,45570800
2021-06-14,396.1649475097656,396.2674079810726,394.1527250628629,395.39171779317087,42358500
2021-06-15,395.4383239746094,396.35125703166875,394.5626337646086,396.3140141846101,51508500
2021-06-16,393.23052978515625,395.8017082457771,391.19038894578637,395.5781373986484,80386100
2021-06-17,393.1001281738281,394.07827907271417,390.63143860500963,392.8206646111922,90949700
2021-06-18,387.7969665527344,390.51671667728624,387.5913466663332,389.82509911514796,118676300
2021-06-21,393.3487548828125,393.53569247568294,388.7410312975445,389.5541556334539,72822000
2021-06-22,395.45166015625,396.28349533498147,392.6197297149281,393.3394137510601,57700300
2021-06-23,394.9749755859375,396.33017311106846,394.8908622379778,395.52640432656335,49445400
2021-06-24,397.3114929199219,397.73205959660106,396.8628599421337,397.11522847080494,45110300
2021-06-25,398.7227783203125,399.17141131218983,397.73207208724824,398.0591985278256,58129500
2021-06-28,399.5265808105469,399.6948074887242,398.0498768754374,399.2462030135846,53159600
2021-06-29,399.7415771484375,400.5453458904214,399.20883078354126,399.9098038354574,35970500
2021-06-30,400.07806396484375,400.7509992918403,399.2555842848848,399.2836220683984,64827900
2021-07-01,402.2931213378906,402.4520211210759,400.7696685970019,400.83509959729395,53441000
2021-07-02,405.3680725097656,405.72323677808726,402.37724253484845,403.45209077508554,57697700
2021-07-06,404.62969970703125,405.6391169295271,401.9005937821132,405.4241415803903,68710400
2021-07-07,406.0596618652344,406.34006819983387,403.3025183056718,405.3119686849688,63549500
2021-07-08,402.7510681152344,403.5081166897468,399.57330096190816,400.75094475455643,97595200
2021-07-09,407.0503845214844,407.349473214676,402.55481277928465,404.25584763381096,76238600
2021-07-12,408.5083923339844,408.76076088893643,406.5363351584208,406.9662573135737,52889600
2021-07-13,407.1157531738281,409.21867209378087,406.8540577380294,407.72325737950405,52911300
2021-07-14,407.72332763671875,409.29352904474496,406.48028123314407,408.8075027783235,64130400
2021-07-15,406.3307189941406,407.05972983900836,404.43341971053184,406.38679455738685,55126400
2021-07-16,403.14361572265625,407.555073909898,402.75108678868395,407.5083537824567,75874700
2021-07-19,397.19000244140625,403.20902632092094,394.38611039278754,398.3302530154178,147987000
2021-07-20,402.8818664550781,404.152978910122,397.05910751566546,397.85354923473506,99608200
2021-07-21,406.14373779296875,406.2839552086843,402.8351658262947,404.078212041571,64724400
2021-07-22,406.9942932128906,407.23730633204167,405.3400070746696,406.3213579405747,47878500
2021-07-23,411.1814270019531,411.51788035862415,408.2373460404216,408.91960818789283,63766600
2021-07-26,412.19085693359375,412.20021236866125,410.5459261537889,410.5926462837905,43719200
2021-07-27,410.312255859375,411.1814556139232,407.48965273178777,411.15341783224966,67397100
2021-07-28,410.14398193359375,411.51789021824817,408.72335352250394,410.9384237416545,52472400
2021-07-29,411.84503173828125,412.91985138960683,411.05994533585215,411.0693007705477,47435300
2021-07-30,409.844970703125,411.29363706752343,409.15332449973266,409.2841865056366,68951200
2021-08-02,408.9850769042969,412.10674026622047,408.62991264660883,411.5553115323718,58783300
2021-08-03,412.3122863769531,412.43379291943126,407.5924132229183,409.77944541953616,58053900
2021-08-04,410.2841796875,412.28427447929056,410.0505220211944,411.03187281061224,46732200
2021-08-05,412.8824768066406,412.96659014888616,411.12536648595767,411.4431375086628,38969700
2021-08-06,413.5647277832031,413.9853230057107,412.9198303207797,413.20023664333985,46930000
2021-08-09,413.2282409667969,413.8544275100853,412.4618370122482,413.5366565217107,41222600
2021-08-10,413.74224853515625,414.45257688642795,412.99455549788365,413.6768175506631,43339300
2021-08-11,414.7703857421875,414.86385451105014,413.6862107732414,414.8077789542653,44034300
2021-08-12,416.013427734375,416.15364514758056,413.72359979508303,414.6208372172166,38909400
2021-08-13,416.7705078125,416.78919015715337,415.9760660634455,416.4620637284058,39470300
2021-08-16,417.7518615722656,417.88269503110484,413.91987021373245,415.4713605109986,73740000
2021-08-17,415.013427734375,415.87327201338974,412.0319534928369,415.2003367624512,92673900
2021-08-18,410.4710998535156,415.56484852636714,410.2281152693712,414.00400272308775,89351900
2021-08-19,411.10662841796875,412.30298304453,407.6111188768107,407.7513077712783,92812200
2021-08-20,414.3778991699219,414.7050256555393,410.96650244315384,411.45252871527185,72008700
2021-08-23,418.0229187011719,418.92951158354134,414.4526227295589,416.0601886079049,54973000
2021-08-24,418.6864929199219,419.2192392352231,418.17245747210313,418.6864929199219,38744700
2021-08-25,419.5650634765625,420.07909894332823,418.4995708066867,418.87344589815075,40529700
2021-08-26,417.0882568359375,419.5182735553926,416.9947880722672,419.28461590754796,57829600
2021-08-27,420.8175354003906,421.19138203158167,417.8360607411706,417.8921363097158,77235100
2021-08-30,422.6679992675781,423.4530855354133,421.2473425254043,421.4903556044944,48357400
2021-08-31,422.0418395996094,422.9110393113264,421.44369077915854,422.57458594782264,59300200
2021-09-01,422.26611328125,423.49047714229727,422.03245562039876,422.97644169749003,48721400
2021-09-02,423.5653076171875,424.36907636322894,422.3689814101181,423.686814177093,42501000
2021-09-03,423.4625244140625,423.97658848478034,422.032540383355,422.43445331796556,47170500
2021-09-07,421.9483947753906,423.2101520054819,421.27545948751975,423.1166832249812,51671500
2021-09-08,421.434326171875,422.1446546206983,419.51831615140816,421.41564382630884,56181900
2021-09-09,419.63055419921875,422.98587540724486,419.3875410597101,421.2381203442714,57970400
2021-09-10,416.3218994140625,421.9764037145198,416.2003928599835,421.5558370150139,89948200
2021-09-13,417.38739013671875,419.57445120398825,415.07885103030503,419.31275573342043,83738600
2021-09-14,415.1349182128906,419.03231214319595,414.2470076652523,418.8266922544094,78197100
2021-09-15,418.6024475097656,419.0978006931455,414.45268447355176,415.55554197274927,78792200
2021-09-16,417.93878173828125,419.0509659215077,414.99467250347925,418.0789706250188,77786700
2021-09-17,413.8676452636719,417.5900174422534,413.5113432060983,417.16810338516024,118425000
2021-09-20,406.96673583984375,409.32954038102963,402.10981691745377,407.7543373535724,166445500
2021-09-21,406.58233642578125,410.59537031179264,406.05726871090457,409.30144322368784,92526100
2021-09-22,410.5484619140625,412.5831207202877,406.69483696311266,408.85136298150707,102350100
2021-09-23,415.5365905761719,417.1399497351395,412.179906070705,412.41431229246786,76396000
2021-09-24,416.2210693359375,416.9336734105124,413.68947068134617,413.9051347076099,62094800
2021-09-27,415.0303039550781,416.3523298980062,414.33644206403306,415.1896841659372,61371100
2021-09-28,406.666748046875,412.5925453791143,405.93540163406385,412.2643708805607,130436300
2021-09-29,407.35125732421875,409.7797030258202,406.78867651215324,408.0450907778052,82329200
2021-09-30,402.372314453125,409.5263675354796,402.0347546508198,408.82314894588467,140506000
2021-10-01,407.1542053222656,408.8325618141087,400.5814745875316,404.0975677717047,129240100
2021-10-04,401.90362548828125,406.89176913571015,399.76581284989487,405.9916570765266,128570000
2021-10-05,406.08544921875,408.3263583984505,402.6068680010138,403.40382646967265,90682500
2021-10-06,407.77313232421875,407.9794109817039,400.8722256266175,402.4942986652522,113032200
2021-10-07,411.2985534667969,414.1301704422201,410.86725401277494,411.0454050378357,72437500
2021-10-08,410.5484619140625,412.45186810178103,409.92026919841044,412.06743842451107,74557400
2021-10-11,407.57623291015625,412.79881127574237,407.5105922896659,409.89216791478833,65233300
2021-10-12,406.5729675292969,408.89828794249456,405.785365924999,408.49511604042164,71181200
2021-10-13,408.0356750488281,408.85140428938456,404.62273464026305,407.5949901170963,72974000
2021-10-14,414.8990173339844,415.0490407513381,411.2235151439211,411.69232759288604,70236800
2021-10-15,418.0588073730469,418.42449481685196,416.3898362044381,417.00867206884914,66260200
2021-10-18,419.2964782714844,419.6340094982905,415.6209761000303,416.27732497087453,62213200
2021-10-19,422.5314025878906,422.597014600356,420.30920699257047,420.9186862186984,46996800
2021-10-20,424.19085693359375,424.4909037495053,422.8781878815295,422.99069828398655,49571600
2021-10-21,425.2972717285156,425.52229254631413,423.15948811730703,423.5907875561012,41305400
2021-10-22,424.8566589355469,426.3099949344086,422.9157682107572,424.8660443425605,58845100
2021-10-25,427.135009765625,427.4631842019091,424.1721402757418,425.94423644921017,45214500
2021-10-26,427.51953125,429.8917216010357,427.1444869339798,428.68220582792407,56075100
2021-10-27,425.62548828125,428.6446418796485,425.55046225853243,427.9789361517596,72438000
2021-10-28,429.7322998046875,429.80729721502064,427.0413206145411,427.050677407055,51437900
2021-10-29,430.60430908203125,430.89497056169455,427.14447031928165,427.435131798945,70162400
2021-11-01,431.344970703125,431.96380657611127,429.61974430603044,431.5887337216653,48433600
2021-11-02,433.08892822265625,433.3983604582575,431.3824440663046,431.5137252848119,48908400
2021-11-03,435.73309326171875,436.1362651463071,432.08571825925554,432.5264031559585,52509800
2021-11-04,437.78643798828125,437.87082079414984,435.98618562096254,436.33310224976924,52847100
2021-11-05,439.305419921875,441.29318025230174,437.79585747597196,440.00863863956613,66390600
2021-11-08,439.68048095703125,440.89941061596096,438.9960330253521,440.4024705143944,50405200
2021-11-09,438.22723388671875,440.28063519202976,436.8207962043988,440.0462289116431,51149100
2021-11-10,434.70172119140625,438.2272005366199,433.2202862022842,436.53945827784827,69429700
2021-11-11,434.8423767089844,436.26758515556486,434.8236345082835,436.1925591246675,34848500
2021-11-12,438.1240234375,438.6772187538003,435.1611250038921,436.1081354103615,53466700
2021-11-15,438.2740173339844,439.56794432499424,437.1488845782679,439.40856410960447,46980500
2021-11-16,440.0086975097656,441.14321584749956,437.93655408966225,438.01155150607127,48857500
2021-11-17,438.9398193359375,439.9243142257767,438.3209833485355,439.74616317118915,47858300
2021-11-18,440.4305725097656,440.6931063478928,437.25201023461375,439.9711168325113,50625600
2021-11-19,439.6429748535156,441.5650945480242,439.2772873896782,440.31803734544474,57315600
2021-11-22,438.40533447265625,444.0029569483632,438.19905582510415,441.5182563851529,72762000
2021-11-23,438.9866027832031,439.83984487309516,435.47989482517465,438.0771054886185,73206500
2021-11-24,440.15863037109375,440.28052618496287,436.17372459112534,436.98945366666055,61858800
2021-11-26,430.3417663574219,434.96425094373944,429.21660486222436,433.50155816840993,112669600
2021-11-29,435.6205139160156,437.4582506222478,432.92953515695143,435.12357388678817,86268800
2021-11-30,427.1444091796875,435.0860934508205,426.9006175423312,433.18271599479897,148559600
2021-12-01,422.40008544921875,435.68624501124225,422.2031922004538,432.8452422514508,131939200
2021-12-02,428.8695983886719,430.4354444700302,422.2218416711752,422.6156566962603,127637800
2021-12-03,425.1379089355469,431.58874442702455,420.9185967447433,430.5292522904625,137331600
2021-12-06,430.17291259765625,432.0481622961489,425.2691243350437,427.6788270649763,98977500
2021-12-07,439.071044921875,439.63362565886325,430.0417113660508,435.442440658666,95484700
2021-12-08,440.233642578125,440.68371284123066,437.71142925167635,439.46481188962696,72238800
2021-12-09,437.2614440917969,440.3368530852221,437.06455084489505,438.9491577219033,61272600
2021-12-10,441.3775939941406,441.52761743144606,437.41145846142433,439.9617996675269,77159800
2021-12-13,437.46771240234375,441.2088270752524,437.18640772794674,440.86191039613635,87724700
2021-12-14,434.4579162597656,436.6894683893485,431.5419161774256,434.20476780499797,97264100
2021-12-15,441.2463684082031,441.49013147147207,432.0013702393154,434.51422720060384,116899300
2021-12-16,437.35516357421875,443.37469964954175,435.8080595359977,443.09342361388826,116568600
2021-12-17,432.70050048828125,437.2827723193572,430.997439062657,434.28123782567144,135511600
2021-12-20,428.09930419921875,428.4944740688218,424.48617896144225,427.6288447352182,107134800
2021-12-21,435.70196533203125,435.8430974441347,429.3507618562461,431.5148641473523,69806300
2021-12-22,440.0584411621094,440.17134685592566,435.25032979357655,435.44794347232624,58890200
2021-12-23,442.7965393066406,444.2925972471357,440.9523458894644,441.0558332086626,56439700
2021-12-27,449.0630187988281,449.1100532638039,444.12319396445406,444.1702284294298,56808600
2021-12-28,448.696044921875,450.5214301033936,447.9339028188725,449.49583182545905,47274600
2021-12-29,449.2701110839844,450.28629118812887,447.8022794254561,448.79965148280036,54503000
2021-12-30,448.028076171875,450.70028317333333,447.5670349664784,449.693492768275,55329000
2021-12-31,446.8989562988281,448.6866969603346,446.6261104168571,447.53880315085513,65237400
2022-01-03,449.48651123046875,449.61825370387953,445.85457683489585,448.15981168840295,72668200
2022-01-04,449.3359069824219,451.6223622300133,447.4822951975026,450.9072545217483,71178700
2022-01-05,440.707763671875,449.74059423041956,440.6136660037969,448.96903355258615,104538900
2022-01-06,440.293701171875,443.0035528678846,437.9319849605687,440.2466667010779,86858900
2022-01-07,438.552978515625,441.47925183914367,437.1980527186537,440.3031029677847,85111600
2022-01-10,438.0072937011719,438.2236867337772,429.6237004184561,435.36331312046167,119362000
2022-01-11,441.9967346191406,442.0908322693714,434.75164626994354,437.7437907456816,74303100
2022-01-12,443.191650390625,445.2428756029094,441.2345515344107,443.72798110407143,67605400
2022-01-13,437.0851745605469,444.94185525916146,436.0595761258511,444.2926187440994,91173100
2022-01-14,437.263916015625,437.6120514809011,432.7286791584299,433.94247281173614,95890900
2022-01-18,429.52020263671875,432.7851934565631,428.4099248561453,432.5781900809837,109709100
2022-01-19,425.0601806640625,432.455790611051,424.7873060995941,431.0632487949444,109357600
2022-01-20,420.3556823730469,431.6372951914394,418.23861402309865,426.9421172395524,122379700
2022-01-21,412.10369873046875,421.58814926561837,412.0754723100945,419.2358518525332,202271200
2022-01-24,413.85382080078125,414.3619251147175,395.901098425589,406.50524550753806,251783900
2022-01-25,408.8011474609375,413.7409730372485,401.9136123373261,407.4744480032651,167997300
2022-01-26,407.7755126953125,417.80571346524874,403.5225401054795,414.6818552495206,186391100
2022-01-27,405.76190185546875,415.5004192840026,404.0776775137982,412.36717163695266,149878300
2022-01-28,415.83917236328125,415.88620682845203,402.54398201671927,407.1168346707988,164457400
2022-01-31,423.328857421875,423.67699284659494,413.8255700778436,415.17107731403024,152251400
2022-02-01,426.18927001953125,426.82908804425705,420.53433767425685,424.05336552481776,123155400
2022-02-02,430.329345703125,431.05384305532795,426.2833764423959,428.5886396673794,117361000
2022-02-03,420.2144775390625,426.20812763649417,419.37704575360794,424.3074813838875,118024400
2022-02-04,422.1903991699219,426.0293363499769,417.6080991681987,419.97923360740066,118454400
2022-02-07,420.83538818359375,424.34499723472754,419.5086891147567,422.9524556672466,84472900
2022-02-08,424.2980041503906,425.2201150815416,418.9159464741092,420.3367433125656,81012000
2022-02-09,430.5080871582031,430.82799617234946,428.1275632375704,428.32514818742595,92589900
2022-02-10,422.7737731933594,430.66806944150386,420.7790293131962,424.67441942143387,140103700
2022-02-11,414.4372253417969,424.92846773085336,413.00703862428105,422.85846290665194,153214600
2022-02-14,413.0822448730469,415.5098319487012,409.6196698794952,413.92909493615394,123006300
2022-02-15,419.7439880371094,419.91334657222757,416.99649181538837,417.51401451434305,88482700
2022-02-16,420.2144775390625,421.588211390658,415.82979106919817,417.70221089727113,84863600
2022-02-17,411.23809814453125,420.186247943638,410.63592485416507,417.0341632264874,102259100
2022-02-18,408.5752868652344,412.74355133918664,406.30766852315804,411.49211293034836,132642900
2022-02-22,404.190673828125,409.77031787811296,400.69984286814764,406.373613297068,124391800
2022-02-23,397.02081298828125,407.66260537056274,396.4562558034865,407.098048185768,132578000
2022-02-24,402.9956970214844,403.4285405442477,386.3790885937456,386.73661378294065,213942900
2022-02-25,411.8873291015625,411.97200837339045,402.58162557598797,404.22823397331,121804500
2022-02-28,410.8335266113281,412.3107765451423,405.25388303089113,406.50529284633944,145615000
2022-03-01,404.576416015625,411.3416268267393,401.8759540045587,409.3374644946176,137785900
2022-03-02,412.01910400390625,413.7409734291532,406.07248803205465,406.82521187285215,117726500
2022-03-03,409.96783447265625,415.04879163986294,408.17067562721684,414.4466183746847,105501700
2022-03-04,406.63702392578125,407.7661096277124,402.60047290853925,406.2418252656333,113978200
2022-03-07,394.6497497558594,406.7593757746247,394.58387851759204,406.053686344957,137896600
2022-03-08,391.6575622558594,401.9700272063481,390.5943191141427,394.82845492231417,164772700
2022-03-09,402.1582336425781,404.134169484024,397.8394184443937,400.02235763522094,116990800
2022-03-10,400.3422546386719,401.2361105228519,395.6000145047704,397.55711352812676,93972700
2022-03-11,395.25189208984375,403.4378710075181,394.7437877372273,402.82627933719436,95636300
2022-03-14,392.3632507324219,399.4671781987032,391.2247467020312,396.0234396841189,95729200
2022-03-15,400.9914855957031,401.62188528128036,393.69936293232934,394.9695806826798,106219100
2022-03-16,409.8832092285156,409.9396620822366,399.7024567937387,404.49176069614015,144954800
2022-03-17,415.01116943359375,415.01116943359375,407.596722776026,407.9730846505351,102676900
2022-03-18,419.55670166015625,419.8776045343294,412.6666654946888,413.40286121868064,106345500
2022-03-21,419.4341125488281,421.387844307578,415.9324367182657,419.386903149418,88349800
2022-03-22,424.3420104980469,425.27640505720075,420.8214687288552,420.8214687288552,74650400
2022-03-23,418.8771057128906,423.30372739490633,418.79216338171153,421.81246957458256,79426100
2022-03-24,425.1913757324219,425.20082336968153,419.7831794766956,420.8969061299972,64736900
2022-03-25,427.2679138183594,427.5416361124458,423.2471369609336,425.8238364518409,77101300
2022-03-28,430.3070373535156,430.3070373535156,424.7855555376232,426.6732396590378,68529800
2022-03-29,435.63031005859375,436.12112638537604,431.50572468711965,434.18623279666707,86581500
2022-03-30,432.9403991699219,435.30000450918726,430.83562083793777,434.4882852945164,79666900
2022-03-31,426.2768859863281,432.9970375414447,425.823831381212,432.17589947274035,121699900
2022-04-01,427.48504638671875,427.9947004651948,423.9173238184881,427.85312988784034,89048800
2022-04-04,431.14703369140625,431.25087129409127,426.86201155519603,427.68314952394616,59601000
2022-04-05,425.7011413574219,432.11925672118474,424.5591003737765,429.65584243367965,74214500
2022-04-06,421.4444580078125,423.7191214319922,418.5657504830329,421.79370385778503,106898000
2022-04-07,423.5680236816406,425.3802132507673,418.62230012164184,420.5666126114327,78097200
2022-04-08,422.4353942871094,425.3235486630253,420.8969271331609,422.8129253472982,79272700
2022-04-11,415.2150573730469,420.0097628914947,414.7148221783834,419.16972953989875,89770500
2022-04-12,413.6766052246094,420.71765996000386,412.12869019333453,418.19758861647455,84363600
2022-04-13,418.41461181640625,419.1696739257571,413.2517947132498,413.4311270048809,74070400
2022-04-14,413.2046813964844,419.7549485147844,413.1008437773758,418.64119283709516,97869500
2022-04-18,413.3745422363281,415.0545800894282,411.14705981320014,412.27968190004844,66002500
2022-04-19,420.0474853515625,420.7647857423862,413.10079269782085,413.27067735850744,77821000
2022-04-20,419.73602294921875,422.4354264021452,418.57511557097627,421.82193478222695,65224400
2022-04-21,413.4595031738281,424.73842874926703,412.55342274585064,423.3509795921558,85417300
2022-04-22,402.11456298828125,413.4784030168014,401.54825187367607,412.37412370691203,132471800
2022-04-25,404.4458923339844,404.61577704311816,395.3189241873108,399.8776988422103,119647700
2022-04-26,392.73272705078125,402.1145203899857,392.70441293823944,401.9162927984164,103996300
2022-04-27,393.83697509765625,399.169705902769,391.7039115793856,393.8086609873536,122030000
2022-04-28,403.78515625,405.5124037214935,394.1485348093446,398.57515732733924,105449100
2022-04-29,388.86297607421875,401.9540624319965,388.11733269096055,399.8021034252902,145491100
2022-05-02,391.2036437988281,392.5627785875403,382.2748777111381,388.9289811149941,158312500
2022-05-03,392.9970703125,395.40385671006345,390.1466480680365,391.7040109410524,100028200
2022-05-04,404.9649658203125,405.5312769483244,390.4769810805958,393.65772495141096,144247900
2022-05-05,390.5713195800781,401.1329155913623,386.4467339742489,400.7081751004019,172929100
2022-05-06,388.2400207519531,391.50570647733946,382.9450801949944,388.01350785652954,151770800
2022-05-09,375.80963134765625,383.5868812355381,374.23340232623997,382.35045035687074,155586100
2022-05-10,376.67791748046875,383.27536414376215,372.6477223262594,381.77465875186067,132497200
2022-05-11,370.6940002441406,381.3499860628742,369.94835688896774,375.71524733858433,142361000
2022-05-12,370.30706787109375,373.57275401716174,363.5208397349999,367.5038552140162,125090800
2022-05-13,379.1602478027344,380.5382491972758,373.39335762056186,374.4315896864937,104174400
2022-05-16,377.621826171875,381.2839385536254,375.27166828724563,377.5180173546355,78622400
2022-05-17,385.3896789550781,385.6256395203469,379.9720047899369,383.7001932426954,83029700
2022-05-18,369.8539733886719,381.12345103452697,368.61754246873323,380.840309909265,117674500
2022-05-19,367.58880615234375,372.00600991179766,365.3707710345012,366.79598209392395,98510700
2022-05-20,367.749267578125,374.7336946022532,359.1697448163897,371.1659719805041,131432200
2022-05-23,374.6298522949219,375.3943621595535,368.45711634736125,370.7695124155736,76414900
2022-05-24,371.77001953125,372.95924112163084,365.22917116715337,370.5146932699092,91448800
2022-05-25,375.0545959472656,377.0178039870792,369.8823587734453,370.2787563943249,91472900
2022-05-26,382.54864501953125,384.18150224653084,376.07390194163645,376.28154835892093,82168300
2022-05-27,391.9398498535156,392.0531062882977,384.8044064245167,385.0026051853853,84768700
2022-05-31,389.74072265625,393.07248421298215,387.00358624823434,390.3259001664865,95937000
2022-06-01,386.5882873535156,392.86483164009155,384.0776638781302,391.8549424707136,86585800
2022-06-02,393.9503173828125,393.9974979722233,384.18154466114504,386.42789374965014,79609600
2022-06-03,387.4849548339844,390.7884022780611,386.51279859544996,389.240487364167,71874300
2022-06-06,388.6647644042969,393.21406164588547,387.4943805595861,391.48684319664267,57508900
2022-06-07,392.3929748535156,392.8460295110228,384.71953261443264,385.18203491181913,59272400
2022-06-08,388.126708984375,392.46838795175415,387.3338851596179,390.68451274322166,64350000
2022-06-09,378.8960266113281,388.61759004588066,378.8960266113281,386.3523744576506,86289800
2022-06-10,367.90966796875,373.55385453962793,367.86248738155257,372.70440234363315,132893900
2022-06-13,353.9407958984375,360.3683584476511,352.3362527688543,358.5184359528124,170004900
2022-06-14,352.8742980957031,356.7157429736958,349.77849666174114,355.68695837561785,104011800
2022-06-15,357.90496826171875,362.34100925128496,351.2225494582893,356.1682732930812,125666800
2022-06-16,346.0597229003906,350.10881384000515,343.63404163139757,349.702968623294,134473300
2022-06-17,346.80572509765625,350.142419392661,343.30792965713135,346.47397650063243,111113900
2022-06-21,355.53607177734375,356.9200257502837,352.44584583713896,352.52169557516805,76811900
2022-06-22,354.8915100097656,358.99598772773135,350.90074904768903,351.3178358414842,90059400
2022-06-23,358.370361328125,359.1002487608876,353.46963484148904,357.0243321478926,79292100
2022-06-24,369.7643737792969,369.7738622299875,361.5080041964566,361.53644062032527,98050300
2022-06-27,368.3519287109375,370.9776545538821,367.2618273862305,370.68380190795756,66009600
2022-06-28,360.825439453125,372.68391795995,360.7116937770823,369.9065216331798,86548900
2022-06-29,360.5315856933594,362.3610628098229,358.71159702593604,361.37524766838453,65676000
2022-06-30,357.60260009765625,360.83500878132185,353.1568557172421,356.64519222936855,112508300
2022-07-01,361.3847961425781,361.8208599109863,354.3322732319177,356.94854012954494,74839700
2022-07-05,362.0672302246094,362.0862071237408,353.4790840960441,356.30389388763615,81438000
2022-07-06,363.2900390625,365.7735827766986,359.83013971421116,362.2093972721212,70426200
2022-07-07,368.7310791015625,369.5273277554807,363.30898013880693,365.06263643850446,64525900
2022-07-08,368.4278259277344,370.2952282014979,365.5745794315864,367.10071569720793,72397800
2022-07-11,364.2190856933594,366.7215778956689,363.5270941091934,365.7547105106273,58366900
2022-07-12,360.9961242675781,366.0485507559225,359.25195608212715,363.66926385832295,62219200
2022-07-13,359.1002502441406,362.02934629353234,355.14744302288534,355.56452982281553,84224600
2022-07-14,358.2282409667969,359.3088540915369,351.7160390075151,354.1521699959699,89704800
2022-07-15,365.0721740722656,365.185919762693,360.72122784420594,362.6265260152687,79060400
2022-07-18,362.0577392578125,368.82586710212945,360.834915426236,368.1528525900141,63203600
2022-07-19,371.8403015136719,372.40905889172745,365.31864088700104,365.97267860433266,78506000
2022-07-20,374.2100524902344,375.62247177061846,370.66484393622255,372.02984989964705,71843800
2022-07-21,378.020751953125,378.06813634762244,371.2336461823122,373.63188089355765,64903900
2022-07-22,374.5134582519531,379.3383643459128,372.29533041038957,378.1440056178114,72197300
2022-07-25,374.96844482421875,375.8215664094441,372.73134023128426,375.13906335562353,53631500
2022-07-26,370.5321960449219,373.5370840827539,369.64114957187473,373.328540675696,52946400
2022-07-27,380.1535949707031,381.89776315262577,373.52761885571124,373.82147154826214,82342100
2022-07-28,384.92156982421875,385.61353235014826,377.4140367716771,380.95927437369363,73966600
2022-07-29,390.5333251953125,391.5191695238333,385.58518450605675,386.3529969467856,87003700
2022-08-01,389.3768005371094,391.8793213752261,387.1302364241008,387.8411758992656,69997500
2022-08-02,386.8079528808594,391.4906766053588,385.63254218875403,387.8127450392465,63435400
2022-08-03,392.8652038574219,394.0311261963377,388.64695098882254,388.9313152353376,67820600
2022-08-04,392.59979248046875,393.4718621327927,390.9598814965707,392.7893590044414,45656600
2022-08-05,391.93621826171875,392.58079648264055,388.26777497334547,388.3246478205913,56814900
2022-08-08,391.481201171875,395.87007236927724,390.3816112599049,393.6235081493515,53886100
2022-08-09,389.92669677734375,391.253778307585,388.8555431010108,390.7513821237005,44931800
2022-08-10,398.11663818359375,398.2588492285253,395.01695232609546,396.96966387104465,68665700
2022-08-11,398.11663818359375,402.81833898357877,397.37726224840134,400.9603962309802,59489700
2022-08-12,404.85638427734375,404.9606415265143,399.1025065374671,400.05042594390983,61694500
2022-08-15,406.5246276855469,407.04600061972724,402.5907686609456,402.64764150057266,54048300
2022-08-16,407.3209228515625,409.2451978170758,404.64778356108576,405.4535207281274,59289000
2022-08-17,404.4297180175781,407.13129350400095,402.4296224053403,403.7282670715911,63563400
2022-08-18,405.6051940917969,406.28766820146114,403.33965312992564,404.628809463559,49023200
2022-08-19,400.15472412109375,403.11222812937183,399.28262551260394,402.84681184473675,68016900
2022-08-22,391.8224792480469,395.5004110497399,390.921944270961,395.3297635768896,77695600
2022-08-23,390.87451171875,393.7846307828097,390.3247023494631,391.39585573923233,49105200
2022-08-24,392.12579345703125,393.49077064865355,389.96453858867704,390.6470127203874,49177800
2022-08-25,397.66162109375,397.70900548583626,392.5238859364247,393.6139873082117,50942300
2022-08-26,384.2011413574219,398.088152311537,384.14426851779484,397.5478603350803,103087000
2022-08-29,381.6607360839844,384.70354880710715,380.3052184856568,381.25313774516417,65370800
2022-08-30,377.4709777832031,383.05423695854176,375.3760840001701,382.81725710753153,85652400
2022-08-31,374.5987243652344,380.3431127380741,374.46603071215685,379.10134082789193,76029700
2022-09-01,375.774169921875,376.1154069737023,369.7264403478649,372.4280160542996,78740100
2022-09-02,371.81182861328125,380.6464427581479,370.00129941700374,379.43310730382876,99632100
2022-09-06,370.4089660644531,373.5939611226999,368.1908383071308,372.6555302445026,76637400
2022-09-07,377.0633850097656,377.8311974242417,369.87816854830936,370.0961715004415,70964200
2022-09-08,379.5279541015625,379.9829368756566,373.59396971166063,374.79784580059123,80821700
2022-09-09,385.42401123046875,386.28662130528346,381.49961125899546,381.7650275183075,76706900
2022-09-12,389.5663757324219,390.2868036201907,387.1870891554379,387.49043025851944,69256300
2022-09-13,372.6270446777344,382.10623671263886,371.5085069603833,380.90236081015905,122947100
2022-09-14,374.0489501953125,375.5656268148488,370.7501807174359,373.9257160615463,85023700
2022-09-15,369.80224609375,375.3380909362644,368.53203779447915,372.4943332407687,87633800
2022-09-16,366.9810485839844,367.6378019325583,363.69728184111455,365.6294902775206,103084800
2022-09-19,369.8270263671875,369.8270263671875,363.763980617156,363.84014194343365,73278500
2022-09-20,365.5818786621094,367.51405803281153,362.8311539935767,366.50513850212155,77274900
2022-09-21,359.2048034667969,370.5504007332188,359.19527603958755,367.504586823731,106746600
2022-09-22,356.1875,360.0708846733697,355.44508694272207,358.4337649769324,89472600
2022-09-23,350.21966552734375,352.7609904104437,345.78421269474035,352.7229097506912,122346900
2022-09-26,346.7550964355469,352.3707890222306,345.5367765894628,348.75391014864755,92581200
2022-09-27,345.8698425292969,352.5515599107997,343.48078239742836,350.2862401271678,108294100
2022-09-28,352.67535400390625,354.3600529595543,345.127482081543,346.8217084645166,110802200
2022-09-29,345.3082580566406,349.42006827966514,342.36715927302765,349.13453598884,112952300
2022-09-30,339.9685974121094,348.2779362644351,339.83535868204586,344.36596930372804,153711200
2022-10-03,348.9442443847656,350.7907644280534,341.90083208876825,343.6807182327434,89756500
2022-10-04,359.7568664550781,359.78541969158493,348.90620087696135,354.45525951637643,103602800
2022-10-05,358.9192199707031,361.17501250579096,353.07510228982494,355.397528717206,88065700
2022-10-06,355.2167053222656,360.47070383972516,354.72174385776447,357.5200770483229,82333500
2022-10-07,345.3082580566406,355.3022948939197,343.5473981378096,351.19045562386657,107789500
2022-10-10,342.6717834472656,346.65988314467035,340.43504562807703,346.42192984075376,76042800
2022-10-11,340.5015869140625,345.5366860181765,338.5694076088321,340.9774934330555,92482800
2022-10-12,339.37847900390625,342.48139902682294,339.1309983011124,340.91091321016154,76991800
2022-10-13,348.3351135253906,349.80091413619516,331.335712933563,332.38271336985196,147254500
2022-10-14,340.39697265625,352.41837848921915,339.7592450066515,350.7907569397952,123737000
2022-10-17,349.14410400390625,350.24821073516875,340.0637984886666,346.4695113964719,93168200
2022-10-18,353.2464294433594,357.35826934412756,349.81036876588746,357.0536821558411,97162900
2022-10-19,350.7431640625,353.93174409065676,347.93530350478727,351.2095432352664,79746900
2022-10-20,347.80206298828125,354.7122360773966,347.0405950042413,350.2958089110657,88283100
2022-10-21,356.2541809082031,356.7395859020458,346.02218871676973,347.5260408349085,131038400
2022-10-24,360.6134338378906,361.7460937798273,355.1309809456278,357.77704931693273,85436900
2022-10-25,366.3719482421875,366.6860338162217,360.4231157662592,360.5373287022716,78846300
2022-10-26,363.61163330078125,368.90371186098525,362.9739347843384,363.2309138667366,104087300
2022-10-27,361.66998291015625,366.44807462100994,361.05128110498777,364.6110821532887,81971800
2022-10-28,370.27435302734375,370.75025961760167,361.3844214069697,361.5652682350303,100302000
2022-10-31,367.5997009277344,369.68417378007797,366.6954959805395,367.81862838081696,96631300
2022-11-01,365.9912109375,371.57837896955164,364.8204992604764,371.3404256632253,85407600
2022-11-02,356.8061828613281,369.9031408055681,356.70149735976,365.4010542504777,126990400
2022-11-03,353.1321716308594,356.1684576069525,351.0191454820897,353.56999750398336,87100100
2022-11-04,358.21490478515625,360.61346359996287,352.170885136249,358.8335775577456,103505200
2022-11-07,361.6414489746094,362.23156853069116,357.43442171013305,359.50936758378657,68286900
2022-11-08,363.5926513671875,366.5623039769019,359.5188919325988,362.74552365571884,84641100
2022-11-09,356.10186767578125,362.77408732506177,355.6069062348671,361.6223724698831,78495500
2022-11-10,375.67108154296875,376.00422190791596,367.0571853684895,369.3510291752628,141455800
2022-11-11,379.30712890625,380.106648595616,374.64322048105964,376.5278212790889,93839900
2022-11-14,376.08038330078125,380.89655521020984,375.8043493716394,377.5461835918774,71903500
2022-11-15,379.28802490234375,382.9239582221826,375.4807721813481,381.8198514474499,93194500
2022-11-16,376.39459228515625,378.6123045593404,375.76639200285024,377.6604912310654,68508500
2022-11-17,375.2428283691406,375.9186366580597,371.3404174691277,371.6449756187588,74496300
2022-11-18,376.946533203125,378.640759324959,374.10062138676545,378.57412543802,92922500
2022-11-21,375.5758972167969,376.7466376918826,373.7389050539046,375.6235052961584,51243200
2022-11-22,380.6300354003906,380.7918564006526,376.10892338301994,377.51761716325757,60429000
2022-11-23,383.0286865234375,383.51409151080327,380.06853232216565,380.29695819857307,68261600
2022-11-25,382.9429931640625,383.49506108811516,382.1910816475926,382.46708656258517,30545400
2022-11-28,376.8324279785156,381.4963075976525,376.0709598680813,379.85918746901655,67881600
2022-11-29,376.1850280761719,378.1552587304176,374.3480070782733,376.9654925891225,52310000
2022-11-30,388.03515625,388.03515625,374.51942770651925,376.4325522787015,144566700
2022-12-01,387.7496337890625,390.2433795179694,385.24636063389784,389.07263892248426,76398200
2022-12-02,387.30230712890625,388.20651222768515,382.76216868711776,382.86685419503635,85342700
2022-12-05,380.33502197265625,385.4177008262784,378.98346353454565,384.48494250767516,77289800
2022-12-06,374.85247802734375,380.7156492335198,372.768034408405,380.1731379325218,77972200
2022-12-07,374.2148742675781,376.5753814167961,373.0822142567911,374.0054742055746,65927900
2022-12-08,377.1465148925781,378.21254120378944,374.3196280633302,376.0995434385917,60737900
2022-12-09,374.32904052734375,378.45990573812827,374.2053001815389,375.90905369871786,81447700
2022-12-12,379.72589111328125,379.72589111328125,374.45283780553007,375.11908962319546,75405800
2022-12-13,382.60040283203125,390.70984189180217,379.8401500031239,390.45286275137533,123782500
2022-12-14,380.1541442871094,385.96020997530553,377.2130453095627,382.25764309363365,108111300
2022-12-15,370.8549499511719,376.2041350287874,369.19880442028864,375.2999009475401,117705900
2022-12-16,366.47662353515625,369.641590174743,364.3443519350762,368.3029384387337,119858000
2022-12-19,363.3689880371094,367.00250429400353,361.70523742151596,366.6678340994925,79878100
2022-12-20,363.8662414550781,365.482194633709,361.2941043449694,362.61364283927566,74427200
2022-12-21,369.3069763183594,370.435266494614,365.92207660917404,366.4575373430041,78167400
2022-12-22,364.038330078125,369.28777027212345,358.34902428686854,366.2662256920997,100120900
2022-12-23,366.1324157714844,366.2758375341586,361.46623322301946,363.0152466207401,59857300
2022-12-27,364.6885681152344,366.36189009849295,363.01524613197586,366.0176778685383,51638200
2022-12-28,360.1562805175781,366.59140954936333,359.92680568793685,364.62164360006597,70911500
2022-12-29,366.6391296386719,367.50926042450396,362.47015297141144,362.9960715854847,66970900
2022-12-30,365.67340087890625,365.8168226274327,361.8486652893112,363.9618527124626,84022200
2023-01-03,364.1339111328125,369.49808808826083,361.27490181125125,367.52835185196017,74850700
2023-01-04,366.9451599121094,368.9722652057651,363.34989894273167,366.3905568832152,85934100
2023-01-05,362.757080078125,365.10928447945327,362.1642506841692,364.9945470716449,76970500
2023-01-06,371.0758361816406,372.19458418736764,362.7857380848977,365.8455090657922,104189600
2023-01-09,370.8655090332031,376.44964922378716,370.6838609207569,373.2655401902277,73978100
2023-01-10,373.4662780761719,373.53321794947027,369.3451279864,370.28219867133123,65358100
2023-01-11,378.1898498535156,378.26636090740493,374.2312636370513,375.0440257972263,68881100
2023-01-12,379.5667724609375,381.02973273660194,375.22571833967487,379.289500125456,90157700
2023-01-13,381.0392761230469,381.61299228704434,376.10536380133436,376.3730941204777,63903900
2023-01-17,380.34130859375,382.6935423019026,379.6624261074559,381.0202202604648,62677300
2023-01-18,374.3364562988281,382.58832869980466,374.1356658339176,381.52697849057256,99632300
2023-01-19,371.611328125,373.94439001524745,370.29178966269103,372.2997525257694,86958900
2023-01-20,378.5341491699219,378.68714212069887,371.36276874212075,373.00740648744664,91806400
2023-01-23,383.0759582519531,385.0074392135379,378.3810918291715,379.3372757234957,84178800
2023-01-24,382.6648254394531,383.57318267652687,380.21699688122226,381.40265563212273,59524900
2023-01-25,382.8082275390625,383.1428977378186,376.31573073269413,378.6010242444025,84800300
2023-01-26,387.01544189453125,387.17800600043023,382.5022526217131,385.46642861189923,72287400
2023-01-27,387.90472412109375,390.2760709827511,385.7628812656745,385.97324291614746,68346200
2023-01-30,383.0376892089844,387.37877210654403,382.7412745466371,385.1508473703547,74202000
2023-01-31,388.6695861816406,388.7173836975877,383.2097558893338,383.553997217556,86811800
2023-02-01,392.80035400390625,395.54462644508357,384.7206171548962,387.45528923844535,101459200
2023-02-02,398.5183410644531,399.9813013244029,394.78922953717114,396.68245506156615,101654500
2023-02-03,394.2823791503906,398.69994345136115,393.0775782754304,393.5556701552829,94736800
2023-02-06,391.8728332519531,393.26888274999055,390.21865378736663,391.8346069060138,60295300
2023-02-07,396.9980163574219,398.24104381969875,389.7118993305467,390.9549267928235,90990700
2023-02-08,392.6568908691406,396.36688886374986,391.96843733219856,395.0282373142556,76227500
2023-02-09,389.2529602050781,396.40522738183785,388.0290457920925,396.25223443266196,78694900
2023-02-10,390.1612854003906,390.54375312300726,387.26404936045475,388.07678232835883,70769700
2023-02-13,394.74139404296875,394.875273798094,390.3525133608386,390.81149214644563,64913500
2023-02-14,394.5597229003906,396.864100329501,390.6106788806823,393.22104214899304,88389300
2023-02-15,395.8409729003906,395.9174547636312,391.5285747023186,392.3700211000315,61555700
2023-02-16,390.39080810546875,394.8179447595729,390.25695751731473,390.87847129038914,76431500
2023-02-17,389.4154968261719,389.6545428210452,386.34612524209655,388.2680643786122,89257800
2023-02-21,381.6033935546875,386.45125247879577,381.34523443071777,385.3994444508215,82655900
2023-02-22,381.0775451660156,383.55405800104023,379.624126941612,382.01458672604707,83742300
2023-02-23,383.10467529296875,384.5772067863999,378.88790045751995,383.96523503521115,96242400
2023-02-24,379.01214599609375,379.8440212478962,376.3922116756281,378.0942177024235,108194400
2023-02-27,380.30303955078125,383.7070519585176,379.365968807818,382.3492579579314,80444700
2023-02-28,378.8974914550781,381.785156708453,378.79229603840645,379.82499112745273,96438600
2023-03-01,377.4440612792969,379.30863174384257,376.1436650512144,378.0847173960627,99706800
2023-03-02,380.3795166015625,381.2209631061389,375.13961830151106,375.4742885040699,85127800
2023-03-03,386.4800109863281,386.7286281625777,381.54609807414363,382.1962961869598,90120000
2023-03-06,386.7477111816406,389.59714976739536,386.3078747490803,387.3022850157021,72795900
2023-03-07,380.8193664550781,386.93896700217493,380.20742390861926,386.699921017692,108310600
2023-03-08,381.4408874511719,382.19625170885286,379.212962662717,380.9341111603913,74746600
2023-03-09,374.4034118652344,383.88877016600645,373.4185434936177,382.2249901315046,111945300
2023-03-10,369.0008850097656,375.9332173953836,367.4805563054659,373.85828575920306,189253000
2023-03-13,368.47503662109375,373.28466995051247,363.97141834242984,365.08059523708437,157790000
2023-03-14,374.56591796875,376.21055539266825,370.0909552792131,373.38980130348455,149752400
2023-03-15,372.2232666015625,372.4240570496017,366.89731528704147,368.98181836154816,172996900
2023-03-16,378.7539978027344,379.0982391870772,369.36429390384325,369.87107021323396,143254200
2023-03-17,374.3253479003906,378.55821591341066,372.94318572096427,377.4256197444262,140553400
2023-03-20,377.9246826171875,378.33743311980123,374.4021114765073,375.10277090610924,93055800
2023-03-21,382.8870544433594,383.36697102971766,379.69079357481445,381.28412015653794,91524200
2023-03-22,376.3601989746094,386.3232727268631,376.3218267349629,382.71431965042825,111746600
2023-03-23,377.37762451171875,383.25179889041164,374.6708879123496,379.22048781510506,119351300
2023-03-24,379.85400390625,379.94038538264834,373.7590569871103,376.10105243097433,107682400
2023-03-27,380.56427001953125,382.8966870426311,379.6716321408978,382.1288028794633,74010400
2023-03-28,379.7099914550781,380.564227707631,377.8767066648121,379.87314668350865,62871700
2023-03-29,385.2290954589844,385.4690537806492,382.6663276952182,383.86611930354206,77497900
2023-03-30,387.4846496582031,388.1085353397573,385.6225710265115,387.8589693504225,69840000
2023-03-31,392.9460754394531,393.24362134845586,388.30045759381215,388.4060544634671,112062600
2023-04-03,394.44342041015625,394.8465339049245,392.03422997869995,392.42776506097084,67391100
2023-04-04,392.2550354003906,395.3744932102715,390.8824517022873,395.0865256835199,66601500
2023-04-05,391.2279968261719,392.2838191469049,389.577082640603,391.52554275858984,65200200
2023-04-06,392.7541198730469,393.03247968178334,389.3850962213968,390.43131081559227,63743300
2023-04-10,393.15728759765625,393.2340906618624,389.6635097627265,390.277787817443,63681000
2023-04-11,393.2628479003906,394.6641961280183,392.4949930804865,393.78116601430696,59297900
2023-04-12,391.659912109375,395.61444936283374,391.0744279375137,395.3264818376402,86420400
2023-04-13,396.8622131347656,397.2173467130726,391.6023169352439,392.7445207254535,85814800
2023-04-14,395.8927917480469,398.4171577397506,393.58919793642514,396.22873922494233,78161500
2023-04-17,397.3133544921875,397.3325406110166,394.577824032139,395.8064093482449,66436400
2023-04-18,397.572509765625,399.0218673008723,396.1999552913603,398.8874765900454,63560000
2023-04-19,397.5053405761719,398.4075568472331,395.60486027089866,395.6624479202901,55227300
2023-04-20,395.3360595703125,397.0829628319808,393.79071305675006,394.6929585087422,75840400
2023-04-21,395.6432800292969,396.10398124565415,393.6948196903557,395.63367232336066,73457400
2023-04-24,396.0559997558594,396.47832873039835,394.1075394245126,395.44169241406223,64332100
2023-04-25,389.7690734863281,394.6450428024144,389.7114858346393,394.0883231137075,97766700
2023-04-26,388.1181640625,391.4583943618871,387.56147365849546,390.3833857943013,80447000
2023-04-27,395.8448486328125,396.11360078097556,390.4025810177756,390.65214704527966,92968400
2023-04-28,399.223388671875,399.2329963765921,394.904139565875,394.9617272106124,89433100
2023-05-01,398.8203430175781,400.8455772162606,398.589963107647,398.78194148395835,62122300
2023-05-02,394.3378601074219,398.1580067083917,391.43917444922255,398.1099974743272,103998500
2023-05-03,391.63116455078125,397.24619509986604,391.3912062306647,394.837004192524,91531800
2023-05-04,388.8572692871094,390.91129731617235,387.5230869408355,390.58495750937874,94901900
2023-05-05,396.0559997558594,397.102214486308,392.2262744508848,392.48541888407567,87891800
2023-05-08,396.1615295410156,396.64144612156804,394.76018132750204,396.3823017131118,50046800
2023-05-09,394.4242248535156,395.53763480997924,394.1938742734827,394.6162031980649,49220100
2023-05-10,396.2671203613281,397.8892407221348,392.44697389350114,397.2557473304781,96142900
2023-05-11,395.57611083984375,395.86404911911495,393.5028673537258,395.40334787228096,70157100
2023-05-12,395.0577697753906,397.0254455424627,392.63900049417026,396.8142810526254,70481500
2023-05-15,396.42071533203125,396.8238288685914,393.75238023444746,395.6624389099318,54289400
2023-05-16,393.77154541015625,396.23832360826236,393.7619377053924,395.3168627044219,57705500
2023-05-17,398.5516052246094,399.1562756190207,394.1459737431661,395.7872805401457,87287000
2023-05-18,402.3908996582031,402.8132286270494,398.0140624281471,398.23480532655367,97177200
2023-05-19,401.80535888671875,403.82101441184767,400.58638129995114,403.29311788250186,103793300
2023-05-22,401.9685974121094,403.5043365562108,400.5864351115969,401.8246282749285,60745400
2023-05-23,397.45733642578125,401.9013689419868,397.0638012887145,400.32722839371974,86383500
2023-05-24,394.5778503417969,396.238372422446,393.4164603018304,395.85444497777297,89213700
2023-05-25,397.994873046875,399.44423070710803,395.84485582251955,398.0812545290906,90961600
2023-05-26,403.149169921875,403.86904489294824,398.5707756508926,398.6475494260872,93830000
2023-05-30,403.3027038574219,405.6062976614237,401.9205417166639,405.07840112218025,72216000
2023-05-31,401.0663146972656,402.3812815149699,399.50178187032054,401.4790359496369,110811800
2023-06-01,404.8768615722656,405.9326839874396,400.0489015795839,401.2966730663804,88865000
2023-06-02,410.7318420410156,411.5188830151562,406.92130300774403,407.44919955900986,91426200
2023-06-05,409.94482421875,412.36359368369943,409.24413533747776,411.0774205267335,65460200
2023-06-06,410.83740234375,411.3652988856477,408.8793344192004,409.53204325524,64022200
2023-06-07,409.4168395996094,412.3635345526036,408.9945106484148,411.2309384070294,85373300
2023-06-08,411.89324951171875,412.34437231335727,408.71620378018724,409.48405866767195,61952800
2023-06-09,412.6322937011719,414.63834160760314,411.64366666036057,412.6898813507892,85742800
2023-06-12,416.3756408691406,416.4524439304632,412.89147087099775,413.61134578902306,76104300
2023-06-13,419.1207275390625,419.76379931662035,417.1722675057486,417.8345546921649,95899700
2023-06-14,419.6198425292969,421.4243335080621,416.1740450929453,419.4566872999007,100612100
2023-06-15,424.82220458984375,426.06997610483035,418.7080714411939,418.8040313332803,110303100
2023-06-16,423.37518310546875,427.3732818174655,422.90312715218045,426.80488011436864,114165800
2023-06-20,421.17852783203125,422.324974340986,419.10722704210536,421.43866423022666,76160400
2023-06-21,419.0205383300781,420.9954934589653,418.43284996744785,420.1958856547502,76982300
2023-06-22,420.53314208984375,420.6391018260277,417.72964857046975,418.0668439684426,70637200
2023-06-23,417.35394287109375,419.1362363473925,416.6410372408123,417.084192410939,92074500
2023-06-26,415.64874267578125,418.7027001286234,415.40789299777055,416.78554609984883,72823600
2023-06-27,420.20562744140625,420.82218732627064,416.07263875155775,416.52543732038123,72813700
2023-06-28,420.41754150390625,421.4290983033547,418.5100016357142,419.1265614695,75636000
2023-06-29,422.0745544433594,422.2383451446893,419.5986423394109,420.00325329466176,67882300
2023-06-30,427.05535888671875,428.0380149404403,424.9647708481831,425.2827088718478,104964000
2023-07-03,427.5466613769531,427.82602579498047,426.4291155030701,426.70850932168867,32793400
2023-07-05,426.9107971191406,427.6429894132442,425.7258063379871,425.7354497315169,58418400
2023-07-06,423.5678405761719,423.991738320798,421.06299828536083,423.3366343156822,80658300
2023-07-07,422.4984436035156,426.438769743823,422.2575939538954,422.5755319557256,86134200
2023-07-10,423.5678405761719,423.7412452715391,421.57359837767063,422.1420000351028,62443500
2023-07-11,426.2653503417969,426.7566930521444,423.3558970583311,424.32893908451956,64463800
2023-07-12,429.6950378417969,431.1016209821125,428.62567949600117,430.0515200243212,91924500
2023-07-13,433.1054382324219,433.8954320784897,431.0726814584312,431.5061931540125,72425200
2023-07-14,432.8357238769531,434.83958003816,432.07463074719146,433.991813962652,69815800
2023-07-17,434.33856201171875,435.3886628143162,432.64297129896573,432.6911588627437,52680200
2023-07-18,437.5660095214844,438.2114701147798,433.5775252322227,434.0110663595222,80668200
2023-07-19,438.5390930175781,439.72405458332963,437.48896257877516,438.35604491544507,65891700
2023-07-20,435.6295471191406,438.44268380742795,434.9166416038705,437.54673021651973,70591600
2023-07-21,435.6295471191406,437.54673021651973,435.6199331260899,437.34439535359957,71275600
2023-07-24,437.57568359375,438.3849349409323,435.7452026173443,436.77604624077406,54023400
2023-07-25,438.770263671875,440.02267010001805,437.2577208036124,437.3059083742901,55191200
2023-07-26,438.83770751953125,440.263518637083,436.7856637889011,437.83576473919794,71052900
2023-07-27,435.9282531738281,442.62388566589414,435.0226560753175,442.2192452897237,92194400
2023-07-28,440.196044921875,441.02455349957694,435.928167325532,439.1941022739153,80011800
2023-07-31,441.0342712402344,441.39072403261815,439.35793761574195,440.6681750532694,62040400
2023-08-01,439.7721862792969,440.51399258801536,438.8184017102693,439.5698514127993,55291500
2023-08-02,433.65460205078125,436.9205079074881,432.90315234388123,436.6604008783812,93933400
2023-08-03,432.4117736816406,434.29041249284955,430.9955767287294,431.6410666517331,64276100
2023-08-04,430.45611572265625,436.32320952695244,429.9358722590493,434.2230076857938,100128900
2023-08-07,434.2134094238281,434.36755674020003,431.5929638466943,432.28661207007076,58357500
2023-08-08,432.3251037597656,434.2037427118271,428.9724661870649,431.6796137883657,71361300
2023-08-09,429.4349060058594,432.7586427817327,428.67381291504086,432.5948520910791,78789600
2023-08-10,429.5890808105469,435.16716703483127,428.42337671620794,431.7856284811605,93005500
2023-08-11,429.3385314941406,430.35011754971424,427.1227267257981,427.7200290859293,68690900
2023-08-14,431.70849609375,431.70849609375,428.11503843544807,428.4233330175674,47867400
2023-08-15,426.6796569824219,430.292402044995,426.1112258867205,429.935919835655,75707500
2023-08-16,423.5486145019531,427.9224233894094,423.4426253576642,426.26537646534126,80107200
2023-08-17,420.3211669921875,425.273020314269,419.8009235363625,425.01291328665195,95711300
2023-08-18,420.5234680175781,421.5543115245304,417.1612164787308,417.5080258452247,98852000
2023-08-21,423.25958251953125,424.00138893640195,419.38673031886054,421.5350906095178,68719000
2023-08-22,422.1130676269531,425.0321640493009,421.5543094057689,425.0321640493009,64994200
2023-08-23,426.8144836425781,427.43107286328376,423.0283341735705,423.1728380844883,68441000
2023-08-24,420.8992004394531,428.92429730681755,420.87027025881116,428.41369725884107,88517300
2023-08-25,423.8664855957031,425.1477928046301,419.0783933508206,422.62369316256587,102325100
2023-08-28,426.5543518066406,427.1709115909124,423.8664616174519,426.05336574379237,61595400
2023-08-29,432.7201232910156,432.999517120143,426.26534084235647,426.4483889303442,83081900
2023-08-30,434.50244140625,435.1382880533624,432.3540517986095,433.05734340842935,69053900
2023-08-31,433.8666076660156,436.255817610441,433.6835595621321,435.1190142078131,66084600
2023-09-01,434.6758117675781,437.06505085275637,433.2210704898494,436.5833515582069,58944100
2023-09-05,432.79718017578125,434.55057269413254,432.72976461783867,434.23266409054196,55166200
2023-09-06,429.88775634765625,432.0939475374288,427.5659620214055,431.987958395261,70758500
2023-09-07,428.5679016113281,429.24226303585164,426.5447585365695,426.89156794336543,70355400
2023-09-08,429.21331787109375,430.74511806057524,428.2595627004295,428.6160154651993,61659700
2023-09-11,432.0361633300781,432.3444285728758,430.1286232997532,431.8338284325165,60180100
2023-09-12,429.6661682128906,432.11320909412444,429.08815252492514,430.59105211482444,67565400
2023-09-13,430.1671142578125,431.3231749266096,428.78943192828973,429.8877204342684,60199300
2023-09-14,433.8761901855469,434.5698383708397,431.332833106535,432.6334271290332,83430800
2023-09-15,428.6487121582031,432.6222625307114,428.2136712808251,432.2935551441486,111848900
2023-09-18,428.90008544921875,430.1955896700722,427.86560575276553,428.3393267614431,55752200
2023-09-19,428.0106506347656,428.57140936349316,425.33263382268484,427.9816479077142,66514600
2023-09-20,424.07574462890625,429.6831540306982,423.87269606637597,429.26743850526196,82562600
2023-09-21,417.06646728515625,421.4943834516094,416.91177626347593,421.2333589486901,104095800
2023-09-22,416.1286926269531,419.6864977783781,415.71294757869936,418.091288955446,100829700
2023-09-25,417.8786315917969,417.91728222441265,414.4851650567311,414.92023546020613,70874500
2023-09-26,411.7394104003906,415.54859200929735,410.90794984146544,414.8428197503268,96168400
2023-09-27,411.90374755859375,413.4699830924983,408.2686118060124,412.9092244496163,104705800
2023-09-28,414.2917175292969,415.96428646714304,410.7629154217767,411.35267675993066,92258300
2023-09-29,413.2863464355469,417.5112441372113,411.76846823252566,417.3372277775056,115111300
2023-10-02,413.1219787597656,414.36915501527096,410.3666017087048,412.4548865420046,83798600
2023-10-03,407.5918884277344,413.1799731499237,406.2287013020404,410.94667474306095,103760600
2023-10-04,410.5599365234375,411.30435944495287,406.59606370497346,408.0559363281981,87453000
2023-10-05,410.40521240234375,411.2463208378169,407.18579226927517,410.26984669791165,70142700
2023-10-06,415.27789306640625,416.8150963910029,406.63472757769614,407.9592344326086,113273300
2023-10-09,417.9366149902344,418.5070215863633,412.8319288458573,413.3829806224,80374400
2023-10-10,420.11187744140625,422.70288570856627,418.1686064888882,418.5649967058061,78607300
2023-10-11,421.832763671875,422.0841107631383,418.79700772466646,421.17534896503963,62451700
2023-10-12,419.2611389160156,422.8189443567332,416.91182957643576,422.4419089154139,81154200
2023-10-13,417.1728210449219,421.9584770278049,415.60661494268294,420.7596289275812,95143100
2023-10-16,421.56207275390625,422.6255551040407,419.1740835467255,419.4157827397426,75433200
2023-10-17,421.54278564453125,423.5924199141401,418.0913430371363,418.43937576892034,75324700
2023-10-18,415.9256591796875,420.73064064200355,414.8428514424272,419.77352121429993,93559800
2023-10-19,412.2711486816406,418.44899434083845,411.5944086302288,416.64108906158174,121323000
2023-10-20,407.2051086425781,412.37747694190307,407.0987456622459,411.8360731446502,123919900
2023-10-23,406.49945068359375,410.35699070368474,403.9277671716339,405.67766734824943,92035100
2023-10-24,409.56414794921875,410.7146385432617,406.7700909338865,408.61667642933105,78564200
2023-10-25,403.68603515625,407.9109624071266,403.17363397769196,407.8819596802007,94223200
2023-10-26,398.85205078125,403.47333880031834,397.93361142540357,402.6225823087564,115156800
2023-10-27,397.0440979003906,400.83395429205797,395.6229054415524,400.43756406837696,107367700
2023-10-30,401.79107666015625,402.8448816266276,398.5329761803426,399.8284803456642,86562700
2023-10-31,404.3144226074219,404.6334525608876,400.4568834170143,402.3614742415841,79665200
2023-11-01,408.6263122558594,409.4384179741357,404.7494479004914,405.2812038082296,98068100
2023-11-02,416.4573974609375,416.612088488878,412.3968391143164,412.41616442869764,94938900
2023-11-03,420.2569580078125,421.80383898984763,418.63274625361095,418.7584345746445,100167800
2023-11-06,421.2237243652344,421.66844265759465,419.28045324415575,421.01102787683624,67831700
2023-11-07,422.4225158691406,423.0606052933152,420.0828841514639,421.22369728667144,64256100
2023-11-08,422.73187255859375,423.54397827582386,420.4308916076277,423.0218997774992,61746000
2023-11-09,419.43511962890625,423.9113935278032,419.0097266771128,423.8727133946502,83174400
2023-11-10,425.9803161621094,426.2896982135309,419.4254351571336,421.5040718428815,89462200
2023-11-13,425.5743103027344,426.6764433760795,423.86309048956497,424.64619358239656,52236100
2023-11-14,433.8307800292969,435.1166069139446,431.2784220719966,431.50079597873554,97176900
2023-11-15,434.74920654296875,436.3927730128096,433.8984205823122,435.16492211328534,77327600
2023-11-16,435.2809143066406,435.59994425440004,433.24095780816333,434.30444014118734,66665800
2023-11-17,435.82232666015625,436.43141334936854,434.3721314970017,435.29057073108856,83133200
2023-11-20,439.17718505859375,440.0182936712103,435.56134445939387,435.5710218701185,69936200
2023-11-21,438.219970703125,439.05143128536895,436.95346926763995,438.13296253247677,49244600
2023-11-22,439.9119567871094,441.22681603879204,438.81950096949345,439.8733061505178,59394900
2023-11-24,440.1826171875,440.3759883694041,439.63156537724313,439.96027278304024,29737400
2023-11-27,439.3898010253906,440.3662456876674,439.00305871890555,439.55413995178077,50506000
2023-11-28,439.82489013671875,441.1203943936042,438.4423777026132,439.00310690168646,62115000
2023-11-29,439.5155029296875,443.10234049536746,439.1191421839662,441.97117519611106,63146000
2023-11-30,441.2460632324219,441.59412543023933,438.28766732031204,440.35662667945024,79752700
2023-12-01,443.8564147949219,444.38814123082403,440.0472330596215,440.6369649429203,89183400
2023-12-04,441.5264587402344,443.8757680204174,439.25448022667734,440.47265370720123,72430900
2023-12-05,441.439453125,442.3965725770802,439.76688393206007,440.14394887033336,69793500
2023-12-06,439.6605224609375,443.60504042530386,439.2254520989698,443.57603770145914,69124700
2023-12-07,443.01531982421875,443.66305717468333,441.13973162302386,441.7391409339485,66995400
2023-12-08,444.9198913574219,445.4516177863762,442.02914891320626,442.2708481089666,83194400
2023-12-11,446.65045166015625,446.8244975103325,444.2141343049595,444.4268307846884,65002200
2023-12-12,448.6903991699219,448.78708475043413,445.30661038207074,446.30240990232363,68327600
2023-12-13,454.87786865234375,455.12924524748996,448.70970069679584,449.0674107718607,93278000
2023-12-14,456.33782958984375,458.00072149405844,453.6694606145386,456.8115506454331,119026000
2023-12-15,455.5863952636719,456.9163018501235,453.7420397034311,455.7417134699126,141553700
2023-12-18,458.149169921875,459.1296032853033,456.13009218585904,457.1881698520897,70375300
2023-12-19,460.9350891113281,461.0127630324847,458.61509172941334,458.69273602664884,55761800
2023-12-20,454.5478210449219,461.9640813854923,454.12070331796554,460.08088857770923,102921000
2023-12-21,458.85772705078125,459.1295265010188,455.1107457468796,457.5278204873464,86667500
2023-12-22,459.7799072265625,461.45925759296136,457.8870276491879,459.98374941589714,67160400
2023-12-26,461.7213439941406,462.62410332069675,460.1099508863103,460.1876248035588,55387000
2023-12-27,462.55615234375,462.7017539013479,460.98359627385656,461.51747852635486,68000300
2023-12-28,462.7308654785156,463.56566747559816,462.31346447997436,462.91530398929757,77158100
2023-12-29,461.3912658691406,463.0608994653051,459.44011618801756,462.5367042508105,122283100
2024-01-02,458.8092041015625,459.7993540123723,456.7124526493962,458.3335624378489,123623700
2024-01-03,455.0622253417969,457.39193916554245,454.4603858132538,456.65418509885427,103585900
2024-01-04,453.5964660644531,457.16869615612853,453.37319057475315,454.5865863632777,84232200
2024-01-05,454.21771240234375,456.6639075045455,452.77132456262234,453.80028176128866,86118900
2024-01-08,460.70208740234375,460.8476889622242,454.5865552720958,454.71275316529835,74879100
2024-01-09,460.003173828125,461.02241437904433,457.54726208619434,458.05202403896755,65931400
2024-01-10,462.6047668457031,463.46871896304185,459.9935364474402,460.2750525964962,67310600
2024-01-11,462.4008483886719,464.1190060691037,458.43062113494074,463.6045274671268,77940700
2024-01-12,462.72119140625,464.58498035155515,461.3136700813151,463.8472262405501,58026400
2024-01-16,461.02239990234375,462.65319658217305,459.207164709733,461.3427529504032,85014900
2024-01-17,458.4598083496094,458.94516670999695,456.1106608508071,458.0035703058881,68843900
2024-01-18,462.5367431640625,463.09005873569527,458.58594911701266,460.12938495584103,91856200
2024-01-19,468.3028259277344,468.58434205067863,462.5853202688259,463.6628015298727,110834500
2024-01-22,469.2929992675781,471.01115715758357,468.64260604571103,469.83659824827777,75844900
2024-01-23,470.66168212890625,470.9043613024555,468.74939868030367,469.8365966379768,49945300
2024-01-24,471.1761779785156,474.45717543420074,470.68110299788805,473.525295727068,81765000
2024-01-25,473.7388610839844,474.01066056996024,471.17618444820096,473.3020267275593,72525000
2024-01-26,473.13702392578125,474.7969411657135,472.2925051479898,473.3117458196852,76641600
2024-01-29,476.8839416503906,477.0295728420406,472.9040272208165,473.4476261562877,61322800
2024-01-30,476.51507568359375,477.2236798269538,475.7578883130134,476.1947226231299,58618400
2024-01-31,468.73968505859375,474.7581108271003,468.72025176527393,474.3115894395865,126011100
2024-02-01,474.8746032714844,474.90372358641025,469.6327095934461,470.43842101293257,91891600
2024-02-02,479.8737487792969,481.523949196212,474.97161226030033,475.31136898916844,99228200
2024-02-05,478.12646484375,479.90289286822576,475.87442477356564,479.2428126687566,75757100
2024-02-06,479.51458740234375,479.84462748505155,477.64108188661896,479.06803644581043,55918600
2024-02-07,483.5140380859375,483.9314391950858,480.8542539422272,481.7570430693595,70556500
2024-02-08,483.7275085449219,484.1060726186496,482.69855130751233,483.513949705615,52343600
2024-02-09,486.5231628417969,486.95996752942966,483.89249957484776,484.2322563033971,63979400
2024-02-12,486.30963134765625,488.75582660767503,485.59128089218916,486.49406987855394,56502300
2024-02-13,479.61163330078125,482.5334996770295,476.35003982173856,480.04846760997253,113099200
2024-02-14,483.9701843261719,484.4555426281319,479.9222830533005,482.2423099561509,68387800
2024-02-15,487.3094787597656,487.49391729462275,484.1934569596569,484.66912826614583,61683000
2024-02-16,484.8826599121094,488.14425347916483,484.1449058140717,487.0085316428908,75532900
2024-02-20,482.2132263183594,483.8149029118612,479.97087316267243,483.14510603430045,71736700
2024-02-21,482.6500244140625,482.8053426352379,479.1069145137689,480.9124629140013,59293400
2024-02-22,492.63873291015625,493.5997329784438,488.2899113619232,489.25094105413393,76402500
2024-02-23,492.9784240722656,495.1916567031526,492.25038663284334,494.3568250348437,61321800
2024-02-26,491.1728820800781,493.8520693709636,491.0466841824756,493.4152350521733,50386700
2024-02-27,492.0853271484375,492.308602616629,489.9691722068436,491.8620813041637,48854500
2024-02-28,491.4349670410156,492.0173732682764,490.17301775947533,490.53217814092545,56506600
2024-02-29,493.2016906738281,494.8130838290683,490.5516532421677,493.1920036518268,83924800
2024-03-01,497.8320007324219,498.25911842016706,493.6676477127876,494.0753617325155,76844800
2024-03-04,497.298095703125,499.1424809176813,497.00689257657365,497.03604251314806,49799300
2024-03-05,492.3280334472656,495.7449748064334,490.1245174506037,495.29842384541166,72855600
2024-03-06,494.8227844238281,497.0748540345267,493.53174438668293,495.5993458504527,68382400
2024-03-07,499.734619140625,500.7830096761973,494.8810360564722,498.1135389799133,58652100
2024-03-08,496.7351379394531,503.0447667007892,496.1624186562773,500.36563844693006,86532500
2024-03-11,496.3079528808594,496.8903887313969,493.60936207648933,495.5313914960879,62557200
2024-03-12,501.6470031738281,502.2294094929587,495.9003176684613,498.41449998303995,73114400
2024-03-13,500.8606872558594,502.1420404607562,499.424045441815,501.9673185575223,55104100
2024-03-14,499.8705139160156,501.9866689472691,496.8321662856789,501.83132111592977,110171800
2024-03-15,496.43817138671875,498.2590766512578,494.7730966492492,496.80819459859333,107646300
2024-03-18,499.3885192871094,501.93969410963876,498.97956820958467,500.4985887866016,88893300
2024-03-19,502.1636657714844,502.44602683293346,497.69420694088996,498.6971800566581,60755300
2024-03-20,506.80841064453125,506.9447474953313,501.55028937128384,502.2221673565908,69594600
2024-03-21,508.4832458496094,510.34304922248214,508.20082532016534,509.6419901809582,60256100
2024-03-22,507.5191955566406,508.8823855528386,507.2854498071945,508.39551924735605,79070800
2024-03-25,506.1170349121094,507.2660322991133,505.96120440733904,506.1462159868013,48512100
2024-03-26,505.1822509765625,507.87950952715136,504.78304672651166,507.53866742888704,65463700
2024-03-27,509.427734375,509.46672172053235,505.8444050698442,508.00612262936903,82999800
2024-03-28,509.3303527832031,510.8298796934876,509.04799170553036,509.46668962011773,96294900
2024-04-01,508.44427490234375,510.6059925472889,507.2855305336226,510.07045141241963,62477500
2024-04-02,505.2115173339844,505.3477947483364,502.9134629158643,504.62724203503336,74230300
2024-04-03,505.7664794921875,507.266065898289,504.0721940901131,504.1208688391064,59155800
2024-04-04,499.593017578125,510.1093183056524,499.2911628340767,509.76853565111946,96858100
2024-04-05,504.81219482421875,506.7694068986325,500.5083132867227,500.9465048519071,74546500
2024-04-08,505.09466552734375,506.5163368559833,504.2865100686739,505.51342294474244,48401800
2024-04-09,505.67889404296875,507.0713247303679,500.83941141698267,506.8278915451877,68049200
2024-04-10,500.61541748046875,502.60181066009386,498.6387711363,499.9922143304957,82652800
2024-04-11,504.3935241699219,505.8346295064768,498.6290433917763,502.1344572387197,70099000
2024-04-12,497.431396484375,502.2708495884285,495.7078704459787,500.8589251713878,92561100
2024-04-15,491.199462890625,501.7644387082916,490.3522904966187,501.5989207934361,92101400
2024-04-16,490.3036193847656,493.19560665785394,489.01828510429004,491.6765860412786,73484000
2024-04-17,487.4018859863281,492.9229634124424,486.00945537176443,492.7574157801548,75910300
2024-04-18,486.3989562988281,490.8878795783521,485.46418121059236,488.794360179131,74548100
2024-04-19,482.15350341796875,487.31427501412566,480.8876330360681,486.3210783246666,102212600
2024-04-22,486.59368896484375,489.18382142190774,482.4163675078979,484.75331996273405,67961000
2024-04-23,492.367919921875,492.7963646750655,486.4086807205422,488.5995792337359,64633600
2024-04-24,492.13421630859375,494.04272395926796,489.91410708182036,493.25400289949073,55928100
2024-04-25,490.2646179199219,491.02412816029823,484.42222231211605,486.0678327855915,69122400
2024-04-26,494.9093933105469,496.48683553540934,492.41663996726425,493.04956028124485,64306100
2024-04-29,496.6620788574219,497.33395677101214,493.9258924563797,496.69128964862307,46415400
2024-04-30,488.79437255859375,496.1752536684076,488.79437255859375,495.2015209263445,77483600
2024-05-01,487.2071838378906,494.84124497607075,486.7397814235659,488.2101273744075,80242800
2024-05-02,491.76416015625,492.6015856213337,486.42809495843517,490.9072707374517,62550200
2024-05-03,497.8597412109375,499.0866240599667,495.20144055878046,497.73315122045955,72756700
2024-05-06,503.0011291503906,503.0400570645358,499.8170040691018,500.255195688938,47264700
2024-05-07,503.5561828613281,504.9486136014355,502.8843048675207,503.96513398697067,52561300
2024-05-08,503.60479736328125,504.14033844049237,501.6086572944442,501.72550045922026,42047200
2024-05-09,506.5064697265625,506.5454570669787,503.1373929681529,503.7897771689901,43643700
2024-05-10,507.1590270996094,508.9117342857,505.94186107705553,508.10351940578255,52233200
2024-05-13,507.22698974609375,508.94076852048096,506.0877393186341,508.83367220506113,36716400
2024-05-14,509.5543212890625,510.070428158798,506.8863031411852,507.42184425163964,57535900
2024-05-15,515.8641967773438,516.1563047340521,511.38499019072265,512.0179402902028,59504900
2024-05-16,514.802734375,517.558414507879,514.6566506998298,515.9614786446474,50244800
2024-05-17,515.5428466796875,515.6110151080264,513.4687910457112,514.9196434193897,59187600
2024-05-20,516.13671875,517.5973177042522,515.2700824401487,515.6595992673854,37764200
2024-05-21,517.402587890625,517.5584184029028,515.1727614260365,515.3772666864285,33437000
2024-05-22,515.912841796875,517.4221156794935,513.7413773413039,516.7113097871478,48390000
2024-05-23,512.1444091796875,519.0676335599267,510.9369308576571,518.9605372397859,57211200
2024-05-24,515.532958984375,516.3411736344989,513.0402060562079,513.9846980938406,41291100
2024-05-28,515.893310546875,516.5749353115505,513.2642204156563,516.3412489766735,36269600
2024-05-29,512.28076171875,513.4589997088932,511.56995584928654,511.871810616093,45190300
2024-05-30,508.8824768066406,511.40447087133504,507.6361297457073,510.7423397089747,46377600
2024-05-31,513.517333984375,513.6439239713764,504.7439941340697,509.8366558224101,90785800
2024-06-03,513.9361572265625,515.4065032558699,508.87273480704334,515.1241421408643,46835700
2024-06-04,514.5106201171875,515.2506664560023,511.17072418863216,512.631323194632,34632700
2024-06-05,520.6256103515625,520.645104022442,514.8416361330836,516.8280887412405,47610400
2024-06-06,520.6158447265625,521.3558910101924,518.6878732006264,520.927446289771,30808500
2024-06-07,519.9829711914062,522.787325920015,518.5515533208824,519.6421291117942,43224500
2024-06-10,521.5895385742188,521.9108869486413,518.5807383516342,519.1747009286601,35686100
2024-06-11,522.8458251953125,522.9042467845098,518.0745108271142,520.0414700499772,36383400
2024-06-12,527.139892578125,529.8274041983666,526.1077383475028,527.4028194115604,63251300
2024-06-13,528.2012329101562,529.0581223075357,525.4163720846324,528.8828575806059,44760900
2024-06-14,528.522705078125,528.551886156822,525.6696157422205,526.6725890295746,40089900
2024-06-17,532.729248046875,534.1217383998099,527.3834639126114,527.8411492821357,55839500
2024-06-18,534.0826416015625,534.2092316077063,532.3688625324717,532.7875604635906,41376400
2024-06-20,532.6317749023438,535.669816103357,530.8595742964317,535.0076850141029,70328200
2024-06-21,531.9176025390625,533.031253064821,530.4620700069489,531.8101607226251,64338600
2024-06-24,530.1884765625,534.3011367241611,530.0712564764159,531.7417321385824,45528700
2024-06-25,532.2303466796875,532.5917853363576,529.8956032092343,531.4097461795637,37936200
2024-06-26,532.8946533203125,533.6077524053179,530.4720243887124,531.1167351250136,38550600
2024-06-27,533.734619140625,534.3110010096894,532.0153114364416,532.7577451835803,35041500
2024-06-28,531.6343383789062,537.5542520433446,530.3937489459842,534.5063503169283,76144500
2024-07-01,532.728515625,533.2560061424955,529.9737236752046,533.0117876323043,40297800
2024-07-02,536.3136596679688,536.3136596679688,531.0776287968915,531.1264605772033,40434800
2024-07-03,538.7069702148438,539.068408833479,535.9619565950238,536.0010100914286,32789900
2024-07-05,541.8133544921875,542.2138465569928,538.3747392828008,539.009731167597,41488400
2024-07-08,542.4386596679688,543.3861988920726,541.3738407022457,542.5949332840256,36110500
2024-07-09,542.9661865234375,544.2947210316149,542.6731362089374,543.396013525926,27289700
2024-07-10,548.3389282226562,548.6808102777995,543.894163387503,544.1872136667199,38701200
2024-07-11,543.61083984375,549.3255886798729,542.9759074999535,548.4561564855596,53054200
2024-07-12,547.0396728515625,550.6345620898736,544.2653840243584,544.7342644743289,53084400
2024-07-15,548.5441284179688,551.7775792240066,546.6880438244344,549.0325654558818,40584300
2024-07-16,551.7969970703125,552.090047326324,549.1008154677004,549.8530274778409,36475300
2024-07-17,544.060302734375,547.5477506768178,543.7379175635831,545.8772743812609,57119000
2024-07-18,539.8792724609375,546.5806748281783,537.700862061102,545.5940223403177,56270400
2024-07-19,536.2940063476562,541.2663208584747,535.2389658144236,539.6446767543289,65509100
2024-07-22,541.8232421875,542.4288993582354,538.277184442637,540.2113760766848,43346700
2024-07-23,540.973388671875,543.8648979607326,540.4849516029554,541.7157629327536,34439600
2024-07-24,528.7135620117188,536.4699449259502,527.7952979520205,536.1671163330532,74515300
2024-07-25,525.9588012695312,534.7995603016705,525.0210402154329,528.8308137450439,61158300
2024-07-26,531.849365234375,534.535769150024,528.9675745637637,529.7393433023149,53763800
2024-07-29,532.161865234375,534.3988851266782,530.169004207153,533.3927359573876,39515800
2024-07-30,529.4656372070312,534.6821699039564,526.066135221137,533.6271294303981,46853600
2024-07-31,538.0718994140625,540.6996925359946,534.9166158614872,536.284203519186,65663400
2024-08-01,530.4523315429688,542.0380422456446,526.955106117804,539.7912440920945,76428700
2024-08-02,520.576171875,524.5715530952934,516.3755660291246,523.3602388903765,82789100
2024-08-05,505.4151611328125,511.47179289103417,498.46957030548145,499.80791295578933,146267400
2024-08-06,510.0747375488281,517.4989554385519,505.8936885816187,507.2124445147762,84826300
2024-08-07,506.66552734375,519.2965627450678,506.0696484137689,516.2486605015515,70698300
2024-08-08,518.3782348632812,519.0033889369354,509.77197692780607,511.79405372836936,63276600
2024-08-09,520.6641235351562,522.1489912653111,516.3365783728381,517.5576710131196,45619600
2024-08-12,520.9376831054688,523.3407552909962,518.6713279832952,521.8559471668351,42542100
2024-08-13,529.5048217773438,529.7393216479126,523.878076980635,524.1222955084382,52333100
2024-08-14,531.1751708984375,532.3572097547438,527.6291139531684,530.2959605592147,42446900
2024-08-15,540.2797241210938,540.5629961238054,536.1866195717042,536.7922766972661,60846800
2024-08-16,541.4910278320312,542.1846298407453,538.5115740387317,538.6678476452682,44430700
2024-08-19,546.6683959960938,546.6683959960938,541.0513709978661,541.9012465320536,39121800
2024-08-20,545.779541015625,547.8700657821756,544.4412283435015,546.2191462607274,33732300
2024-08-21,547.6550903320312,549.1106230342316,541.9012882335657,546.8247712917706,41514600
2024-08-22,543.3568725585938,550.1559376249218,542.1455582382872,549.5502804647684,56121500
2024-08-23,549.1303100585938,550.0681307743154,544.4022125993778,546.5904609360616,50639400
2024-08-26,547.8212280273438,550.8690705771505,546.1214765619129,550.1559715338451,35788600
2024-08-27,548.5733032226562,549.0617401711636,545.4082413361126,546.5511671009976,32693900
2024-08-28,545.3887939453125,548.661357929549,542.204174863817,548.2315309438809,41066000
2024-08-29,545.4376831054688,550.6444392611328,544.2947569915759,547.3523779928099,38715200
2024-08-30,550.6443481445312,551.1523417216108,544.2556134288437,547.8016709409602,62700100
2024-09-03,539.3126831054688,547.8407751289367,536.8021094517958,547.5086116923438,60600100
2024-09-04,538.2088012695312,541.6083040829072,536.7532683896355,537.4761456891545,47224900
2024-09-05,536.8997802734375,540.9928852935313,534.4478166491117,538.1502077884983,44264300
2024-09-06,527.8635864257812,538.8436399407501,526.964879098129,537.2220554393132,68493800
2024-09-09,533.7737426757812,535.0437266855093,530.1300214174476,532.054494369654,40445800
2024-09-10,536.0986328125,536.4503527479894,530.8137709847371,535.678584169421,36394600
2024-09-11,541.5985107421875,542.5167747623394,527.4729497044474,536.0108196239122,75248600
2024-09-12,546.1605834960938,546.4634120914028,539.9573969973035,542.1749203516514,51819600
2024-09-13,549.0130004882812,550.0094311099382,546.5122052774053,546.7662020730168,39310500
2024-09-16,549.82373046875,550.0874458768798,546.9517188263792,548.7491334077678,36656100
2024-09-17,550.0484619140625,553.477299266029,547.8211605278194,552.0314851715059,49321000
2024-09-18,548.4171752929688,555.5385664291312,547.8603498689396,550.7030274298603,59044900
2024-09-19,557.7754516601562,559.6315359572782,554.9425530668651,557.804786497104,75315500
2024-09-20,556.8113403320312,557.8500005367814,553.7933228326182,556.4096197933483,77503100
2024-09-23,558.2028198242188,558.8495678561227,556.6644159380835,557.8795056148167,44116900
2024-09-24,559.7998657226562,559.8586555458002,556.174333811357,558.9963649353333,46805700
2024-09-25,558.5653076171875,560.378103761662,557.4580492681129,559.6432009533316,38428600
2024-09-26,560.77978515625,563.1413061737785,558.4281322177342,562.817932214862,48336000
2024-09-27,559.9664306640625,562.6610738881527,558.9375788488986,561.847824630314,42100900
2024-09-30,562.2103881835938,562.8179029799776,556.6447321030395,558.937595094156,63557400
2024-10-01,557.173828125,562.5043247858904,554.6065728022052,561.8576367225866,72668800
2024-10-02,557.4091186523438,558.4282222492225,553.8914170466389,556.2823034605133,38097800
2024-10-03,556.3900146484375,558.3301388916863,554.106899883147,555.9392527365582,40846500
2024-10-04,561.4461669921875,561.8185225581165,556.6643942780399,560.828843806913,42939100
2024-10-07,556.370361328125,560.446655391967,555.2239297880301,559.7999074826037,49964700
2024-10-08,561.63232421875,562.2300906410503,558.0656412646009,558.9376805045769,37398700
2024-10-09,565.5223999023438,566.0809331902332,561.0247685875196,561.6224751598685,37912200
2024-10-10,564.53271484375,565.9535388259317,562.9257131010544,564.1799758679994,44138100
2024-10-11,567.913330078125,568.6482329129351,564.3171624790748,564.4543586951436,42268000
2024-10-14,572.5579223632812,573.4888112745962,569.0401610478535,569.520288010914,36217200
2024-10-15,568.1092529296875,573.1261842726946,566.8941634738084,572.8224268603595,54203600
2024-10-16,570.5785522460938,571.097912292803,567.3058184280349,568.1093193754714,30725400
2024-10-17,570.6275024414062,574.3216329805343,570.4413246734956,574.1158386665669,34393700
2024-10-18,572.8224487304688,573.6063330690159,570.8528997080355,572.3128969974695,37416800
2024-10-21,571.8817138671875,573.0771269383695,568.9126781204517,572.0972566282711,36439000
2024-10-22,571.5779418945312,572.7341816541917,568.6971208640092,569.3536172092114,34183800
2024-10-23,566.3552856445312,570.0004346494243,562.8571411229607,569.5594810059998,49314600
2024-10-24,567.5801391601562,568.3836400907534,564.9639018539431,568.3052337104026,34979900
2024-10-25,567.384033203125,572.6949728800472,566.4433960638868,569.8043437567766,47268200
2024-10-28,569.1381225585938,570.9802836348513,568.8343651367928,570.8528957024953,30174700
2024-10-29,570.0592651367188,571.1762720247682,566.7864714367279,568.1778707648036,42899700
2024-10-30,568.3345947265625,571.5779630983764,567.6290569957021,569.588797638648,41435800
2024-10-31,557.193603515625,564.0428890862833,556.9976174444517,563.974290971045,60182500
2024-11-01,559.545166015625,563.9643910438907,559.1336371976272,559.8195584319851,45667500
2024-11-04,558.3399047851562,560.9757583388703,556.4585705161212,559.6823223393656,38217000
2024-11-05,565.09130859375,565.1304818819561,559.0357163025479,559.2512590975022,39478300
2024-11-06,579.1426391601562,580.014738259286,573.6064067155438,577.3397109306703,68182000
2024-11-07,583.6205444335938,584.6396478381987,581.0630972629532,581.1415036340469,47233200
2024-11-08,586.1486206054688,587.569444510154,584.1692634497057,584.1692634497057,46444900
2024-11-11,586.7072143554688,588.0888053142032,584.9826328704219,587.7360663213191,37586800
2024-11-12,584.8847045898438,587.2265495486535,582.4056036057904,586.6288429184635,43006100
2024-11-13,585.1687622070312,587.1676761411395,582.9836705187753,585.3451316888757,47388600
2024-11-14,581.4060668945312,585.7763103260314,580.7202054727688,585.296183408181,38904100
2024-11-15,573.9591064453125,578.3195418358689,572.1071369723535,577.8491633593196,75988800
2024-11-18,576.3107299804688,577.6237226660043,573.5572968817456,574.4195277074432,37001700
2024-11-19,578.4175415039062,579.1426361014928,572.2737941658764,572.9400989259979,49412000
2024-11-20,578.613525390625,578.897666302881,572.8616903884546,578.4959457161364,50032600
2024-11-21,581.7196655273438,583.1404896221547,575.6249001169805,581.455141177832,46750300
2024-11-22,583.5226440429688,584.1497754660484,581.2101642027249,581.7098478799927,38226400
2024-11-25,585.501953125,588.7648782973704,583.2188384863542,587.4518855330788,42441400
2024-11-26,588.55908203125,589.2253866159143,586.0310000728672,586.7462862080961,45621300
2024-11-27,586.7757568359375,588.7550542016285,585.256969810655,588.3729502321648,34000200
2024-11-29,590.4208374023438,591.2047216811674,587.314665296655,587.5889978813017,30177400
2024-12-02,591.4791870117188,592.1552999944694,590.3425038316959,590.8324390421951,31746000
2024-12-03,591.7534790039062,591.9984465923378,590.2151351783115,591.2439870884159,26906600
2024-12-04,595.4280395507812,595.6730071584342,592.7726289600115,593.4389336760423,42787600
2024-12-05,594.4481201171875,596.2314913306755,594.0953811448159,595.4279904670244,28762200
2024-12-06,595.5751342773438,596.8097807760311,594.8010580502313,595.212586947609,31241500
2024-12-09,592.508056640625,595.6240374954255,591.9201582931329,595.457476264727,34742700
2024-12-10,590.6658325195312,593.6054435570935,590.0093361336401,593.184106485161,37234500
2024-12-11,595.2320556640625,596.1825011825678,593.3114882757061,593.5858806768452,28677700
2024-12-12,592.1651000976562,594.9380902901107,592.1651000976562,594.3698085144841,31543800
2024-12-13,592.0474853515625,594.9086900260288,590.6756429397628,594.1934038090473,35904700
2024-12-16,594.575439453125,595.5455612250375,593.0272875396962,593.8013634964105,43695200
2024-12-17,592.1257934570312,592.9880840930309,590.7540109408761,592.0278303510687,55773500
2024-12-18,574.4783935546875,594.2031278558312,574.0962297805506,591.8220501813851,108248700
2024-12-19,574.3019409179688,581.0630696987981,574.0569733506421,579.456068103567,85919500
2024-12-20,581.199951171875,585.7225012446567,571.132257605004,571.9778279294948,125716700
2024-12-23,584.6803588867188,585.2800771480029,577.7686569320756,580.9443313472664,57635800
2024-12-24,591.1790771484375,591.2184422848073,585.4471892507113,586.0272849416975,33160100
2024-12-26,591.2183837890625,592.3391499159457,588.0132458991934,589.409327922106,41219100
2024-12-27,584.9950561523438,587.7184519013749,580.8165903318666,587.482441071987,64969300
2024-12-30,578.3192138671875,581.7799853973963,574.5733451400716,577.9948115421023,56578800
2024-12-31,576.2152709960938,580.6985158642835,574.583178079053,579.9807622286955,57052700
2025-01-02,574.7994995117188,581.180251846637,570.7291685588775,579.4695486945864,50204000
2025-01-03,581.9864501953125,582.6254735449975,576.5593423217554,577.6408633877121,37888500
2025-01-06,585.3389892578125,589.6059655334043,583.6086036715416,586.2337058999022,47679400
2025-01-07,578.7223510742188,587.6888410122485,576.903513754268,587.3643786767495,60393100
2025-01-08,579.5678100585938,580.6394897953063,575.3500401020275,578.7911287868388,47304700
2025-01-10,570.7193603515625,576.0874809051687,568.8120114375996,576.0186519228087,73105000
2025-01-13,571.604248046875,571.9581742427216,565.6658729466735,566.0788468496604,47910100
2025-01-14,572.3907470703125,575.1534475548353,568.6153544470202,574.5242054496483,48420600
2025-01-15,582.8025512695312,583.9430001285099,579.2827918470954,580.3937768602567,56900200
2025-01-16,581.6817016601562,584.34604932179,580.9836305712422,584.1690862304802,43319700
2025-01-17,587.521728515625,589.2717368825727,585.5848557638515,586.9121689712896,58070600
2025-01-21,592.899658203125,592.9094994878243,588.5933760531964,590.5597127423754,42532900
2025-01-22,596.232666015625,597.5894432517595,595.1708273073808,595.7213992287225,48196000
2025-01-23,599.4868774414062,599.4868774414062,595.3280946897063,595.6033506126263,41152100
2025-01-24,597.7368774414062,600.4996383180872,596.5865871884719,599.5459337435196,34604700
2025-01-27,589.281494140625,589.5961151521668,584.6311279551505,584.7982497398433,70361100
2025-01-28,594.3449096679688,595.1805787054238,587.1972570477369,590.5105293609671,44433300
2025-01-29,591.6804809570312,593.9614384934404,589.1340487911447,593.5583059073574,37177400
2025-01-30,594.8561401367188,596.3898803192325,590.6088457833347,593.7943615542468,39281300
2025-01-31,591.6903076171875,599.6933113603776,590.9332488823969,597.2746959271392,66566900
2025-02-03,587.7085571289062,590.1861005375324,580.5510628181718,582.6943625959686,65857200
2025-02-04,591.6510620117188,592.1622687341741,587.2268045597665,587.767535135661,33457800
2025-02-05,594.0498657226562,594.1973649569587,588.5048426365228,590.5301667443101,30653100
2025-02-06,596.1145629882812,596.2423796576439,592.4866698522919,595.7901006731433,35771500
2025-02-07,590.6580200195312,597.8941240756534,589.9501076619601,596.6750050236558,50788500
2025-02-10,594.6693725585938,595.30845601079,592.5949016719809,593.863227291288,26048700
2025-02-11,595.1216430664062,595.6623736678141,592.2901133629294,592.408088766588,30056700
2025-02-12,593.204345703125,594.3743182514838,588.436003976824,589.1143924293652,45076100
2025-02-13,599.4672241210938,599.6737110792319,593.047165943141,594.3055902381474,40921300
2025-02-14,599.4376831054688,600.7059485220444,598.8182823186273,599.6736338799176,26910400
2025-02-18,601.1975708007812,601.1975708007812,598.1399318067746,600.5978525430173,26749000
2025-02-19,602.6134033203125,602.9083418402669,599.3001305958442,599.81139736899,31011100
2025-02-20,600.1063232421875,601.3844301402796,596.8028918726411,601.2467721645895,36554000
2025-02-21,589.842041015625,600.0276510429451,589.3799206723878,599.8899930676969,76519800
2025-02-24,587.1580200195312,592.8800672914438,586.4501075695626,591.8870576091449,50737200
2025-02-25,584.2378540039062,587.8264418905826,579.636634088407,587.0989070332523,58266500
2025-02-26,584.5328979492188,589.4881049123491,581.8980139327481,585.8995163780398,43321600
2025-02-27,575.2025756835938,587.9542991571739,574.809344386224,586.8039490929929,74196700
2025-02-28,584.1788940429688,584.70978328648,572.636508577737,575.7039886670112,88744100
2025-03-03,573.9441528320312,587.2857532860544,570.1392964764723,586.1452445030724,74249200
2025-03-04,567.1504516601562,575.5369060706639,562.6180601948478,569.9525173224438,109648200
2025-03-05,573.24609375,575.035467216836,563.434093538414,566.9833166199888,71230500
2025-03-06,563.0703735351562,570.4047711019521,560.523941077153,565.7937090893346,80094900
2025-03-07,566.2262573242188,567.6715458955733,556.1094773560538,561.2907933786839,81158800
2025-03-10,551.1444702148438,559.9536192631458,546.2384702857362,558.0364891964213,99326600
2025-03-11,546.5628662109375,554.5265648872522,542.7285461144836,549.9843324603625,88102100
2025-03-12,549.4633178710938,553.6319422779778,544.3705127696392,552.7077615834074,69588200
2025-03-13,542.1386108398438,549.6991769603108,540.4279077137791,549.0896174558009,74079400
2025-03-14,553.3369750976562,554.3398260143258,542.2075022062043,546.7497351697265,62660300
2025-03-17,557.6039428710938,560.1208513978755,552.8846868765244,553.3172833424321,49008700
2025-03-18,551.5770874023438,555.5097605205915,549.6500559715837,555.2934322950165,66041400
2025-03-19,557.5842895507812,561.3399999727566,552.1768634471969,553.3566775077279,66556000
2025-03-20,555.9718017578125,560.9663132490421,553.1304311253591,553.8481847501696,62958200
2025-03-21,556.1552734375,557.0526817242638,550.2878724028328,551.5205297947124,83763000
2025-03-24,566.115234375,567.1703964240185,562.2890606566666,562.8807121849223,58766800
2025-03-25,567.47607421875,568.4128457426297,565.7306119858723,567.3182603575567,38355700
2025-03-26,560.7013549804688,568.3339598573967,559.3207546377017,567.2097618801449,51848300
2025-03-27,559.2122802734375,562.9792883535321,557.101956447335,559.3108687859911,42164200
2025-03-28,547.95068359375,558.4135249923543,547.3689030262066,557.6838014665011,71662700
2025-03-31,551.62890625,552.9305994826874,539.282592409213,542.201546342058,95328200
2025-04-01,553.18701171875,555.1297110203275,545.9981756472096,549.715889513425,54609600
2025-04-02,556.6878051757812,559.5475341360295,547.1125011420022,547.3491617248258,76014500
2025-04-03,529.2537231445312,540.3673198616506,529.2537231445312,537.5470145495102,125986000
2025-04-04,498.2696838378906,518.5740121118964,498.05273494035157,516.404523136506,217965100
2025-04-07,497.38214111328125,515.9114234247066,475.1154034595348,482.402887644306,256611400
2025-04-08,489.591796875,517.6963548854247,482.3733480760591,514.6196468974629,165816600
2025-04-09,541.0083618164062,541.0083618164062,486.20934082523814,486.5939443539347,241867300
2025-04-10,517.3019409179688,526.0981670837639,502.25365007002944,524.7866027854379,162331200
2025-04-11,526.5321044921875,528.9875485351057,512.8545420601603,515.7537548286505,97866300
2025-04-14,531.6402587890625,536.7287027931718,526.4532262576091,536.5018528789103,68034000
2025-04-15,530.151123046875,535.6931457102869,529.3622343758641,532.1825399641931,56892900
2025-04-16,518.3668823242188,530.4272422697393,513.0713913810127,524.3033791384568,83484800
2025-04-17,519.1064453125,523.8004136549424,516.6411308627585,520.3194209498447,79868100
2025-04-21,506.7503662109375,514.4618777265953,501.4055507612705,513.9293312369678,69368100
2025-04-22,519.934814453125,521.9563602525908,511.9866431205122,512.9234746436815,75948100
2025-04-23,527.9915161132812,537.8626460694973,526.4729038847668,532.9320165359907,90590700
2025-04-24,539.1051635742188,539.8348871004667,528.0211182344198,529.2734571828396,64150400
2025-04-25,543.0004272460938,543.4047124173812,536.1468396073658,539.0657941930334,61119600
2025-04-28,543.2074584960938,545.8700106135369,537.4583875113086,543.7400050325934,47613800
2025-04-29,546.6292724609375,547.7435994540236,540.9393072120234,541.294298062473,47775100
2025-04-30,546.84619140625,548.7987614609631,534.0068741379372,539.9729233205555,93101500
2025-05-01,550.7216796875,556.2440206119321,550.1201573586014,552.595342895286,63186100
2025-05-02,558.8966674804688,560.4941864598073,554.5774316657111,556.894803218062,60717300
2025-05-05,555.6917724609375,558.7882219920989,553.9068871278389,554.7648117792631,38659200
2025-05-06,551.047119140625,555.533979770925,549.2326812616892,550.1891944565425,48264700
2025-05-07,553.3645629882812,555.9975022415719,548.3254139860352,552.3784371058738,55588000
2025-05-08,557.22021484375,562.3973750401349,553.9068467632651,557.3977102564539,65130800
2025-05-09,556.5103149414062,559.6264462916283,554.9522191721212,558.6205786168767,37603400
2025-05-12,574.9014892578125,574.9113601462691,569.0340285188223,573.402558732667,78993600
2025-05-13,578.6981201171875,580.9070323903663,574.7536167184122,575.3156554869938,67947200
2025-05-14,579.437744140625,580.8084133986617,577.4161378946785,579.6546629482465,66283500
2025-05-15,582.2679443359375,582.77081800724,576.9822635531588,577.4359031534708,71268100
2025-05-16,585.9559936523438,586.2518193704545,581.1042713102905,583.0469103495059,76052100
2025-05-19,586.5969848632812,587.27741416191,579.9406348417033,579.9406348417033,68168500
2025-05-20,584.6246948242188,585.8080578995526,581.419785763877,584.8614155899625,60614500
2025-05-21,574.7732543945312,584.3584282191854,573.7477052570061,580.2758530681597,95197700
2025-05-22,575.0001220703125,578.4811148637216,573.3433777523152,574.5760350084579,70860400
2025-05-23,571.0753173828125,573.7378691727489,567.6140060747297,567.988738706783,76029000
2025-05-27,582.9483642578125,583.1061179228353,570.4048112020747,577.938827709351,72588500
2025-05-28,579.5758056640625,584.5459191469531,578.8460820656009,583.3526850377893,68445500
2025-05-29,581.863525390625,584.9698457847473,577.9387639052553,584.8317737253767,69973300
2025-05-30,581.2127685546875,582.9286180198035,575.1480700909575,580.7591289651484,90601200
2025-06-02,584.4866333007812,584.5654800276525,576.9427470010985,579.6052986473595,61630500
2025-06-03,587.81982421875,588.7960792462304,583.6385997733717,584.1218520308094,63606200
2025-06-04,587.6619262695312,589.6539195966438,587.2280285207049,588.6776647088699,57314200
2025-06-05,584.8218994140625,590.6893600195378,582.8496477946317,589.3383724752952,92278700
2025-06-06,590.8275146484375,592.4940699072976,588.5791185976601,590.3541332655441,66588700
2025-06-09,591.35986328125,592.9080878809366,590.1863712694283,591.3992866421642,53016400
2025-06-10,594.7128295898438,595.0973729509094,590.7781968461302,591.8924637491524,66247000
2025-06-11,593.0166015625,596.6652790904382,590.9556323288738,595.8073544523882,73658200
2025-06-12,595.3734741210938,595.3734741210938,591.2021810906274,591.6853731206485,64129000
2025-06-13,588.7171020507812,593.4997881009825,587.2181715759101,590.1962907494013,89506000
2025-06-16,594.318359375,596.0638215052488,591.8924679557008,592.0700235861916,79984100
2025-06-17,589.23974609375,593.4011678528512,588.480410008809,591.8825558713082,82209400
2025-06-18,589.1510009765625,592.8785252065284,588.1944276516227,590.1371267775953,76605000
2025-06-20,587.7673950195312,592.8906208578056,586.3629131433069,591.8224395288368,94051400
2025-06-23,593.572998046875,593.9586781700418,585.403509483969,588.5189525073708,87426000
2025-06-24,600.1304321289062,601.1886530620405,596.7973078378046,597.7072691809916,67735300
2025-06-25,600.4666748046875,601.940336500435,598.903972841808,601.247995602986,62114800
2025-06-26,605.16455078125,605.5997312639034,601.7029070585035,602.3161076886594,78548400
2025-06-27,608.1712646484375,609.6350865938839,604.1360202356653,606.1635425121184,86258400
2025-06-30,611.0791015625,612.4340832221852,608.2998981128763,610.6142811588834,92502500
2025-07-01,610.8812866210938,612.0483479268365,608.7746241554748,609.6053849111585,70030100
2025-07-02,613.650634765625,613.6901746824169,609.8526899336259,610.4757907292374,66510400
2025-07-03,618.4869995117188,619.4167005776212,615.6088560521965,615.628656191773,51065800
2025-07-07,613.8779907226562,617.1913144548079,611.0987877910964,616.5286134886126,74814500
2025-07-08,613.5418090820312,615.2923708557059,612.7307881009865,614.5406899285775,59024600
2025-07-09,617.2210083007812,617.8737488887257,614.1055045789822,615.945166968477,66113300
2025-07-10,618.9617309570312,620.0002120765442,616.1825277796053,617.3594891460615,57529000
2025-07-11,616.7858276367188,618.0122289852302,614.7187654701638,615.9154666088177,63670200
2025-07-14,617.9627685546875,618.3089087938923,614.9857451789246,616.3308265898004,51898500
2025-07-15,615.322021484375,620.9793073894895,615.2428812967698,620.6430672331502,74317300
2025-07-16,617.3792724609375,617.883693134462,611.2769051241828,616.9045519994012,88987500
2025-07-17,621.1574096679688,621.5135103761386,617.3397251475282,617.5573456006476,68885700
2025-07-18,620.702392578125,622.5716342647312,619.5946714429975,622.4035141905442,65621600
2025-07-21,621.8794555664062,624.6190586454088,621.4541750937276,621.8794555664062,63375000
2025-07-22,621.9684448242188,622.828905853138,619.3277216791315,622.2058050575365,60046300
2025-07-23,627.2598266601562,627.2598266601562,622.8288811376781,624.6289433239532,70511000
2025-07-24,627.4674072265625,629.1784892953694,627.0421268182102,627.6454273719465,71307100
2025-07-25,630.1181030273438,630.5928838363332,627.8829206987424,628.1301809903662,56865400
2025-07-28,629.9598999023438,631.0478210681617,628.5752180855901,630.4939604147171,54917100
2025-07-29,628.2982788085938,631.6708825055948,627.3883778702398,631.3543820995848,60556300
2025-07-30,627.5070190429688,630.6917023127537,624.6189756546709,628.9509803708415,80418900
2025-07-31,625.1531372070312,632.8379457731452,623.8574957354674,632.4522656090571,103385200
2025-08-01,614.9066162109375,619.476041722763,612.5032535330552,619.4364414435403,140103600
2025-08-04,624.2530517578125,624.3024917393647,618.7243458354196,618.813325728958,73218000
2025-08-05,621.088134765625,625.6773001361546,620.1683337507773,624.866279158634,68051400
2025-08-06,625.845458984375,626.4981995520814,621.2463937026511,622.1562946160922,64357500
2025-08-07,625.3212280273438,629.9993730574174,622.2156245224251,629.2674923107387,74205800
2025-08-08,630.1972045898438,630.6620853000642,626.7949007710238,627.1114011688534,64051600
2025-08-11,628.9509887695312,631.9478122276477,627.7047873460086,630.474150672182,58742300
2025-08-12,635.6467895507812,635.8050095563038,629.8114232578196,631.2949848204768,64730800
2025-08-13,637.82275390625,639.10849531226,635.6369512596368,637.8424936799373,60092800
2025-08-14,637.882080078125,638.5447207235369,635.300697252298,635.7457174616427,59327500
2025-08-15,636.388671875,639.0096552004113,635.4787708739423,638.9107148606824,68592500
2025-08-18,636.2501220703125,636.942462907598,635.1424008771667,635.814941575414,43804900
2025-08-19,632.7984008789062,637.0512656505922,631.4829592777961,636.0721245937336,69750700
2025-08-20,631.1170654296875,632.6500672159099,626.0136394005863,632.3929672116759,88890300
2025-08-21,628.5850830078125,630.9785456585483,626.864161086776,629.3071240874224,54805800
2025-08-22,638.2380981445312,639.4150594466402,630.2664294390896,630.7708500494616,84083200
2025-08-25,635.42919921875,638.2183023325629,635.3105191174199,636.9820009718095,51274300
2025-08-26,638.0897216796875,638.4359222802034,634.5390979794016,635.1621986940528,51581600
2025-08-27,639.543701171875,640.2755819843173,637.3578984386413,637.5062787617181,48341100
2025-08-28,641.8085327148438,642.3623933153343,638.267809046051,640.146950913372,61519500
2025-08-29,637.98095703125,640.7404203673219,636.0919150690585,640.374419619015,74522200
2025-09-02,633.2533569335938,633.4709169972102,627.9619508913343,630.5136938017484,81983500
2025-09-03,636.685302734375,637.1501834379544,633.4412793439511,635.6270215222661,70820900
2025-09-04,642.00634765625,642.0360478647699,636.4578416280056,637.3578424589464,65219200
2025-09-05,640.1469116210938,645.062476969223,636.2797877246134,644.3404359625918,85178900
2025-09-08,641.7195434570312,642.718484610511,640.1370415028089,641.5118230975241,63133100
2025-09-09,643.203125,643.7272854003053,640.1271612550325,641.8579832056892,66133900
2025-09-10,645.0624389648438,647.3767610517381,643.4997373146942,646.4569601847652,78034500
2025-09-11,650.4231567382812,651.1154976382888,646.4274520986086,647.0109525903231,69934400
2025-09-12,650.2055053710938,651.8868873722256,649.7011451004063,650.3934256012134,72780100
2025-09-15,653.6671142578125,653.7956944276398,652.114372883025,652.4110731340584,63772400
2025-09-16,652.76708984375,654.5276118800496,651.9857691498868,654.2209512044083,61169000
2025-09-17,651.9561157226562,654.4682584259048,647.1295902463727,652.7770367516476,101952200
2025-09-18,655.0023803710938,657.603563340362,653.0341982051615,654.6364399867887,90459200
2025-09-19,658.2465209960938,659.0895125014193,654.9438659954435,656.8877828567474,97945600
2025-09-22,661.3607177734375,661.8069717744121,656.7290467709187,656.7588293222589,69452200
2025-09-23,657.7606201171875,661.8566899635472,656.540685502851,661.2417286303936,81708900
2025-09-24,655.6678466796875,659.1490153831234,654.2496039734066,659.0498612769777,68082200
2025-09-25,652.6429443359375,653.9917550046746,649.0328388399253,652.5338627083877,89622100
2025-09-26,656.3819580078125,656.9274266555326,652.4743298182361,654.0909412604747,69179200
2025-09-29,658.2266845703125,659.8135740530697,656.4216318338509,658.9010899003678,73499000
2025-09-30,660.7061157226562,661.1722852976668,656.173659297658,657.4828203674869,86288000
2025-10-01,662.95751953125,663.8699431635192,657.611793334362,657.7208749627936,72545400
2025-10-02,663.7210693359375,665.0600128657511,661.3011766397112,664.9410037342527,56896000
2025-10-03,663.7113037109375,667.1527626006609,662.6698828508305,664.4848631838105,70494400
2025-10-06,666.0914916992188,666.9841207809839,663.9591941673339,666.1014192164715,54623300
2025-10-07,663.6219482421875,667.4601442579947,662.1838505424819,667.0138297258598,72020100
2025-10-08,667.5791625976562,667.6783772359653,663.919480237528,664.7426772273783,60702200
2025-10-09,665.6452026367188,668.4023890582872,663.7112737749407,667.9957845708525,66501900
2025-10-10,647.6542358398438,668.4122493878771,647.4757221413303,666.6071968358344,159422600
2025-10-13,657.5919189453125,659.664772492732,654.3488290056752,655.2216030747315,79560500
2025-10-14,656.78857421875,660.3590300864076,647.8030207789583,651.7701536094826,88779600
2025-10-15,659.7044067382812,664.7228272522149,653.5156893256119,661.3408732132422,81702600
2025-10-16,655.2116088867188,663.2153058553965,651.7105854492366,661.340821247798,110563300
2025-10-17,658.9308471679688,660.2895852935891,652.7322022395391,654.0810128478913,96500900
2025-10-20,665.7840576171875,666.6866142382812,661.7872027532737,661.8367798071084,60493400
2025-10-21,665.7741088867188,667.4601523988813,664.4748753427003,665.9229005771253,56249000
2025-10-22,662.3128051757812,666.4783066993808,657.8497808005621,666.4783066993808,80564000
2025-10-23,666.2402954101562,667.1825015615415,662.3128121266341,662.6301900162397,65604500
2025-10-24,671.6851806640625,672.8951271271609,670.0983517375236,670.9016937183009,74356500
2025-10-27,679.6095581054688,679.9070809796764,676.515199146416,677.1201724129126,63339800
2025-10-28,681.41455078125,683.2493254549719,679.2028936555786,681.4046232640447,61738100
2025-10-29,681.7418823242188,684.0328991417463,677.2590027977353,683.0609104229828,85657100
2025-10-30,674.2440185546875,680.3037996369978,674.2440185546875,678.2805836148408,76335800
2025-10-31,676.4556274414062,679.4508319897004,673.6587916341136,679.4111219213156,87164100
2025-11-03,677.72509765625,680.1648453676048,674.3530108656404,680.0359087204932,57315000
2025-11-04,669.691650390625,674.3728983771498,669.0371001406891,670.5544968959969,78427000
2025-11-05,672.012451171875,675.2654684624238,668.6304366940664,669.4337786331213,74402400
2025-11-06,664.8021850585938,671.8140994484131,663.2252231578799,670.9115428502156,85035300
2025-11-07,665.4567260742188,665.5658682287408,655.7769731606511,662.4218719882706,100592400
2025-11-10,675.8406982421875,676.5746080726943,669.4833950163819,671.6751969912248,75842900
2025-11-11,677.387939453125,677.9532631527235,673.1530057317516,674.3630127379913,58953400
2025-11-12,677.7648315429688,679.3318660026857,675.3548055474994,679.1632192686196,62312500
2025-11-13,666.5180053710938,675.265541055433,665.0105359672095,674.9085136071693,103457800
2025-11-14,666.4088134765625,670.1081450818862,657.8199984349773,659.9126462553079,96846700
2025-11-17,660.2003173828125,668.1742931923078,656.7290761218832,664.1972328051172,90456100
2025-11-18,654.65625,659.6548153709225,650.4708935566339,656.6596108350068,114467500
2025-11-19,657.185302734375,661.856623370592,653.3371790986623,655.3505280387882,94703000
2025-11-20,647.1683349609375,670.0090710879778,646.5335791707308,667.3808213360044,165293500
2025-11-21,653.6148681640625,659.0894699034471,645.5020288545189,649.6675301260088,123956200
2025-11-24,663.2351684570312,664.5542570793402,656.1538823239337,657.2448196444445,80437900
2025-11-25,669.4735717773438,670.6537963067218,659.0201372218106,663.1360620641211,81077100
2025-11-26,674.09521484375,676.0986363282427,671.1595147067713,672.0620713400136,71879600
2025-11-28,677.7747192382812,678.0523870500939,674.9084513312986,675.2654787466182,49212000
2025-12-01,674.6803588867188,677.3779800628074,673.1629015749381,673.2323336611282,61201200
2025-12-02,675.9299926757812,678.2011542749951,673.748057660358,676.316742094939,62953800
2025-12-03,678.2706298828125,679.2822075879724,674.105128319461,674.9779023816353,57238500
2025-12-04,678.7664794921875,679.7384076011712,675.7415530139849,679.6689755171525,61970300
2025-12-05,680.0557861328125,682.7336127271673,678.9549213715281,679.8375623637357,79241000
2025-12-08,678.0126953125,680.997972172105,675.9696245182643,680.9483951231146,55231500
2025-12-09,677.4276123046875,679.7583392727543,676.9813582671167,677.5367544682442,58310100
2025-12-10,681.92041015625,683.3088703732143,675.711837383319,676.9515664343469,85671300
2025-12-11,683.5072021484375,683.5865617528303,676.5647198382891,679.51034738166,86173700
2025-12-12,676.1581420898438,683.2196338188487,673.5893968987631,682.5154459360199,113160300
2025-12-15,675.1365966796875,680.1252955149479,673.6687768311533,680.1054404790556,90811000
2025-12-16,673.2918701171875,675.4837328267965,669.4338188610296,673.6488975485244,122030600
2025-12-17,665.8832397460938,674.8489377460819,665.6848710067972,674.3034691132465,110625200
2025-12-18,670.9115600585938,675.1464937426624,669.3545136860721,672.0322799303326,108650100
2025-12-19,676.9923095703125,677.4896664833268,672.8940327515619,673.0134542661981,103599500
2025-12-22,681.2098999023438,681.7370666700199,676.9923229108747,680.3245900087294,69556700
2025-12-23,684.3233032226562,684.562024812114,680.2548972126992,680.3046207584179,64840000
2025-12-24,686.7305297851562,687.1781631452748,684.164151137988,684.313382495532,39445600
2025-12-26,686.660888671875,688.0037280321676,685.6264081645946,686.989161229118,41613300
2025-12-29,684.2138671875,685.5567672531378,682.4433081832867,683.9055083361335,62559500
2025-12-30,683.3783569335938,684.9201512250444,682.9506372729019,683.8160334465714,47160700
2025-12-31,678.3152465820312,683.726492314561,678.1063955310838,683.5076844111845,74144800
2026-01-02,679.55859375,683.2390468658663,676.2263268834449,682.0852055985325,89377200
2026-01-05,684.0845336914062,685.7855161168121,682.7516512212146,682.910778712987,71927200
2026-01-06,688.1529541015625,688.6602678554459,684.1442890432024,684.2934596862484,69273800
2026-01-07,685.9347534179688,690.2916046822218,685.6761181181482,688.5309418430683,75588300
2026-01-08,685.8651123046875,686.9692300361542,683.8557710289468,685.1787573638412,64019200
2026-01-09,690.4010009765625,691.6344363504869,685.5368360184962,686.9791831428475,80125500
2026-01-12,691.4852294921875,692.410366767912,686.979207477028,687.0289310253164,63976000
2026-01-13,690.1026000976562,692.4103433578374,687.6953490317495,691.813478661017,78309700
2026-01-14,686.7106323242188,688.0634285762314,682.4134612479594,687.3472637531122,94676700
2026-01-15,688.5806884765625,691.7737417111902,687.5959315038539,690.8983886882239,77862000
2026-01-16,688.0037231445312,690.5800586110835,686.4519720383781,689.9931507530615,79289200
2026-01-20,673.9981689453125,681.1501633341576,672.9934983300664,677.8874730475171,111623300
2026-01-21,681.77685546875,685.0991655259935,674.5452667925615,676.0572511802958,127844500
2026-01-22,685.3379516601562,687.476610793547,683.2888434897402,686.2033478813381,77112200
2026-01-23,685.5865478515625,687.3074439470811,683.5274830754288,684.5123006998919,63059600
2026-01-26,689.0680541992188,690.4606777697717,686.272910918868,686.8399050563427,60473800
2026-01-27,691.8134765625,692.8480177488461,689.9036431059924,690.5104039402848,55506100
2026-01-28,691.7438354492188,694.1510864943795,690.271678492269,693.3652237572153,61172200
2026-01-29,690.3711547851562,693.375209936545,681.2098793986574,692.7087686795362,97486200
2026-01-30,688.3120727539062,690.5402826440542,683.487735152998,688.1330315570439,101835100
2026-02-02,691.7339477539062,693.2459322689688,685.7756213682558,685.9348095869553,79286500
2026-02-03,685.885009765625,693.2757257351432,680.4140840721383,692.529690413304,107904600
2026-02-04,682.5626831054688,687.7948875474046,678.1561081391175,686.7006659106327,105204600
2026-02-05,674.0379638671875,680.0758839506523,672.2176206040476,677.3404209861714,113610800
2026-02-06,686.96923828125,688.6503070282812,677.2508650473027,677.8576866055596,89127600
2026-02-09,690.2816772460938,692.1915108078678,684.7013472083629,685.7755944360715,73885200
2026-02-10,688.4613037109375,692.8579216647231,688.0037135108784,691.276360737094,65185700
2026-02-11,688.3021850585938,693.4547952732178,685.5368515439336,692.7087599208829,76353900
2026-02-12,677.668701171875,691.6742279947084,676.7734344520502,690.5701102294341,118829000
2026-02-13,678.1461181640625,682.6522007204912,673.9384983110481,678.0864377658819,96267500
2026-02-17,679.2402954101562,681.31927396984,672.2077222570326,676.5446598627462,81354700
2026-02-18,682.662109375,685.507036973797,679.2204384959671,680.4041503420104,73570300
2026-02-19,680.8616333007812,682.5526587813481,677.9471293624403,680.225062656192,58649400
2026-02-20,685.7855834960938,686.4122580979458,678.126274472082,678.7131823752115,100034000
2026-02-23,678.7827758789062,686.3525334522094,676.7734345413753,684.1940214696967,90558100
2026-02-24,683.7164916992188,684.7112054782021,676.4053697086953,678.295350173768,73798700
2026-02-25,689.4859008789062,690.0130676270821,686.4519751919497,686.53156929616,56369500
2026-02-26,685.6561889648438,689.6350440416309,680.7323436648176,689.615191050754,71671000
2026-02-27,682.3637084960938,683.2291046432514,678.0367277603054,679.4790749097389,83308900
2026-03-02,682.751708984375,684.9798583327654,674.4359156260907,675.1123137702438,87477200
2026-03-03,676.7337036132812,679.0016196644848,666.1200629162043,671.4915420947397,105003100
2026-03-04,681.5082397460938,683.4579005621853,676.0273572426378,678.026741603972,79182200
2026-03-05,677.70849609375,681.9062201445739,672.0386149612469,678.474445192334,106606500
2026-03-06,668.82568359375,672.5359467168151,666.2195382406165,669.8502072585248,100687000
2026-03-09,674.6845703125,676.3258117079225,658.888509802078,662.8673651303956,102667700
2026-03-10,673.6002807617188,679.7476047325034,671.1930903760745,674.1374043547928,81505300
2026-03-11,672.7548217773438,676.4849986405864,669.7806371390539,673.9982140650914,68441700
2026-03-12,662.5390625,668.0995392824933,662.3500644519811,667.6120785283837,108882200
2026-03-13,658.7890014648438,668.7859240392634,657.863924887251,665.7321452917186,97200200
2026-03-16,665.493408203125,668.5173163233716,663.5934708305671,664.8468199428278,82023100
2026-03-17,667.2440185546875,670.8747480492216,666.1598145596139,668.8355969918504,87128000
2026-03-18,657.9335327148438,666.1796881508768,657.6948111200146,664.8268919718373,82062600
2026-03-19,656.3121948242188,659.4753776238247,651.7066647804095,653.4971375917409,111272500
2026-03-20,646.9034423828125,655.0025723674255,643.063298812559,654.8230422006715,163617500
2026-03-23,653.6959228515625,660.9173090129275,652.2596206790361,656.3790129905765,134802700
2026-03-24,651.5015869140625,655.3417305137531,648.2100787416998,649.6463809650626,96457500
2026-03-25,655.1322021484375,659.1917509309695,652.5588148295345,656.9774239230809,90653800
2026-03-26,643.432373046875,653.1672421520028,643.1630473705688,650.3844333840033,96494400
2026-03-27,632.4606323242188,641.0085567819559,631.4831091918358,640.8489947137006,103649400
2026-03-30,630.3460693359375,638.7245091624994,627.6630399662237,638.4651675144013,99275900
2026-03-31,648.6688842773438,649.865752001465,636.3405988140365,637.2981538716512,152534100
2026-04-01,653.5562744140625,656.8278752918841,651.3220400966815,652.219751792706,97841500
2026-04-02,654.144775390625,656.5086804928782,643.4522901873171,644.7589215344626,68358700
2026-04-06,657.23681640625,658.0247645183308,653.8356054757206,654.1746977251443,39105800
2026-04-07,657.5260009765625,657.9150134208243,649.386996170508,654.9626585699763,69980400
2026-04-08,674.27294921875,675.3402070755335,669.734652974974,674.6519776493207,93606100
2026-04-09,678.162841796875,679.4096297331154,672.0386657215836,673.1059235004034,57134400
2026-04-10,677.7140502929688,680.2774536083281,676.7066358948267,679.5692561407437,42253500
2026-04-13,684.3369750976562,684.536473353906,674.8414790590384,675.669302461078,54185800
2026-04-14,692.675537109375,692.7952238870419,685.8929616905456,685.9229138241225,63480500
2026-04-15,698.1414184570312,698.480571570673,692.4161778504387,693.4734516118131,58240400
2026-04-16,699.8569946289062,700.9741726960574,696.7350934539525,699.2585607342904,49972400
2026-04-17,708.3152465820312,710.5594650064761,703.9464965121796,704.3255249385737,70661900
2026-04-20,706.8988037109375,708.0857482546458,704.3254772575062,706.9587079747221,43546800
2026-04-21,702.2708129882812,709.4523240430285,700.8345107773317,708.4548936431559,58941400
2026-04-22,709.3825073242188,709.6218808832724,706.4001392457644,707.3278031045794,42518500
2026-04-23,706.6295776367188,710.5295037064266,700.4754491270062,707.6768673789517,56174000
2026-04-24,712.10546875,712.6340752101273,707.1881441382454,708.9236633096505,45182000
2026-04-27,713.332275390625,713.7911152864904,710.4696550399041,711.3374146094498,33135900
2026-04-28,709.8612060546875,711.0481506026886,707.4274735730012,709.9908768700561,43117400
2026-04-29,709.7515258789062,710.3699278433978,706.5497524472755,709.1729992133655,41859200
2026-04-30,716.8132934570312,717.9403946619685,708.6244289610544,712.7936806635566,67240900
2026-05-01,718.7982177734375,723.0073446973263,718.6186267345964,719.3966516418469,43049800
2026-05-04,716.1649780273438,720.2644021704073,713.152718877996,718.2196821209096,51950600
2026-05-05,721.9102172851562,723.1769124909786,719.6360467603954,719.9153564929043,36933200
2026-05-06,731.9443359375,732.7023927493656,725.9497697512824,726.288861980811,53288900
2026-05-07,729.7001342773438,734.238430329629,727.8748196364371,733.161188473549,51724600
2026-05-08,735.724609375,736.1834492768152,732.6824588199246,733.0415191543954,47227100
2026-05-11,737.4002685546875,738.8864300819614,734.5576163199453,734.5576163199453,44024000
2026-05-12,736.2831420898438,736.9414802248905,729.9494836014034,734.9964788307154,54185300
2026-05-13,740.4025268554688,741.9983910774667,733.5800764180441,736.5723674930287,44200200
2026-05-14,746.2474975585938,747.6040491923611,741.649357949993,741.7391534739264,45307600
2026-05-15,737.2706298828125,741.5496453663399,736.0637780312098,739.8838927249178,60410800
2026-05-18,736.751953125,739.5147938000424,731.5054597381557,737.9289136337939,47843900
2026-05-19,731.8446044921875,735.7545755811656,729.650306265128,732.8919551385734,54255900
2026-05-20,739.3452758789062,739.9636778498481,732.0042028263388,733.8195334397973,45768000
2026-05-21,740.8114624023438,742.9559620700644,735.1361419849363,736.7419902854853,43332200
2026-05-22,743.7239990234375,747.015507083493,742.566945697205,744.3224328967863,41762000
2026-05-26,748.6613159179688,750.1973368284331,746.4469887578754,748.0827892360243,41123600
2026-05-27,748.5316162109375,749.4492351039673,746.2973210478585,748.9505199197505,42106300
2026-05-28,752.6609497070312,753.2095851254732,747.3047533704411,748.3221518516883,41562600
2026-05-29,754.5361328125,756.1320579864754,752.7507543048832,753.9576670103595,55075700
2026-06-01,756.5908203125,758.3264003155792,752.7507376917755,753.4189990020213,43634900
2026-06-02,757.6182250976562,758.4461093852723,754.805464031348,755.0847737682097,31581900
2026-06-03,752.3018798828125,756.8501599793441,751.6336185743088,756.2018667594974,51402500
2026-06-04,755.1445922851562,756.3614281257201,749.5389775481502,750.1673635570705,49923000
2026-06-05,735.65478515625,750.8855669656407,733.6400171295905,750.3768677170906,93989400
2026-06-08,737.3204345703125,743.4247643242134,736.2931129658897,741.4498108327123,49319100
2026-06-09,735.1560668945312,744.9807928982774,720.7332622187009,741.7191759970133,87683500
2026-06-10,723.56591796875,736.4826536495077,723.4661992814284,731.5054857614351,60341300
2026-06-11,735.8642578125,738.0984921563339,722.5485255148498,726.8873842592473,86330500
2026-06-12,739.843994140625,742.5270843334097,733.1412911200548,738.8066884479139,57079500
2026-06-15,752.890380859375,754.7356026867302,749.8282623277308,749.9179969688896,60176400
2026-06-16,748.4019775390625,753.4988323298886,747.9531216783239,752.6111046530555,67093100
2026-06-17,739.0560302734375,750.217278570044,737.3204502885575,749.3594421826946,85945200
2026-06-18,746.739990234375,748.22998046875,743.8599853515625,747.760009765625,80875700
2026-06-22,744.3900146484375,750.1799926757812,743.1300048828125,747.7000122070312,46628100
2026-06-23,733.5800170898438,739.6300048828125,732.2999877929688,733.8099975585938,66846800
2026-06-24,733.239990234375,739.9500122070312,730.8400268554688,735.1699829101562,57439500
2026-06-25,734.2999877929688,739.3699951171875,729.5999755859375,738.9099731445312,53934400
2026-06-26,728.989990234375,736.530029296875,716.5800170898438,728.9500122070312,71034000
2026-06-29,741.0,741.5599975585938,732.0900268554688,736.530029296875,58035200
2026-06-30,746.77001953125,748.02001953125,740.8900146484375,741.2899780273438,55626000
2026-07-01,745.760009765625,749.4400024414062,742.3800048828125,745.0,47100900
2026-07-02,744.780029296875,751.3099975585938,740.030029296875,747.4000244140625,57447800
2026-07-06,751.280029296875,752.4099731445312,747.4099731445312,748.739990234375,50673300
2026-07-07,747.7100219726562,750.9600219726562,745.2100219726562,750.219970703125,43721500
2026-07-08,745.4000244140625,746.1500244140625,739.510009765625,743.1599731445312,43767400
2026-07-09,751.7100219726562,751.969970703125,745.5900268554688,747.3499755859375,41441700
2026-07-10,754.9500122070312,755.4199829101562,748.0999755859375,752.0499877929688,42191300
2026-07-13,749.1699829101562,753.9099731445312,748.0,752.469970703125,44013600
2026-07-14,751.8300170898438,753.3400268554688,748.6599731445312,750.9099731445312,35143100
2026-07-15,754.8099975585938,755.5800170898438,750.2000122070312,754.239990234375,43844800
2026-07-16,750.719970703125,754.5700073242188,747.8800048828125,752.760009765625,46409800
2026-07-17,743.2899780273438,747.2899780273438,740.7999877929688,742.0800170898438,62651000
2026-07-20,742.0900268554688,748.72998046875,741.510009765625,747.0599975585938,50422300
2026-07-21,748.280029296875,749.0399780273438,744.1799926757812,746.2899780273438,34324300
2026-07-22,747.4099731445312,750.02001953125,746.3699951171875,746.6199951171875,32836200
2026-07-23,738.1799926757812,742.5599975585938,735.2100219726562,739.3699951171875,55437300
2026-07-24,738.9299926757812,743.719970703125,737.2899780273438,738.510009765625,44782000
2026-07-27,739.0900268554688,745.530029296875,735.8699951171875,744.9099731445312,41461200
2026-07-28,740.8599853515625,742.7899780273438,735.97998046875,739.1900024414062,47322200
2026-07-29,729.4600219726562,742.6799926757812,729.0999755859375,739.969970703125,70697200
2026-07-30,741.6900024414062,742.4500122070312,734.5900268554688,736.0499877929688,66811300
2026-07-31,747.030029296875,748.9000244140625,737.6799926757812,744.6799926757812,62445900
2026-08-03,757.6699829101562,758.5800170898438,748.7999877929688,749.4400024414062,59927500
2026-08-04,771.3300170898438,773.4099731445312,760.52001953125,760.6300048828125,69154800
2026-08-05,769.7899780273438,776.8499755859375,769.510009765625,775.8499755859375,44689100
2026-08-06,768.5599975585938,771.8200073242188,767.4600219726562,770.2100219726562,38416900
2026-08-07,773.260009765625,773.9199829101562,769.6099853515625,771.02001953125,43586300
2026-08-10,773.030029296875,775.0499877929688,771.6199951171875,772.5999755859375,39249500
2026-08-11,770.5599975585938,774.6099853515625,769.2000122070312,774.530029296875,36740600
2026-08-12,772.489990234375,774.9000244140625,771.280029296875,774.7100219726562,33179100
2026-08-13,777.8800048828125,779.3699951171875,774.1099853515625,774.8699951171875,35634500
2026-08-14,776.3400268554688,778.7999877929688,775.4299926757812,778.5399780273438,31367900
2026-08-17,772.6699829101562,776.780029296875,772.510009765625,776.1799926757812,34356600
2026-08-18,767.4500122070312,769.5,766.9199829101562,768.7000122070312,43920900
2026-08-19,769.0599975585938,772.469970703125,768.0999755859375,770.3599853515625,40306000
2026-08-20,762.5999755859375,768.1500244140625,762.0399780273438,765.9600219726562,45520300
2026-08-21,765.719970703125,767.8499755859375,764.1699829101562,766.0499877929688,39188700
2026-08-24,763.469970703125,765.219970703125,762.0800170898438,764.780029296875,32430900
2026-08-25,765.9099731445312,766.780029296875,763.0499877929688,766.1599731445312,27422300
2026-08-26,766.0800170898438,767.3499755859375,763.9299926757812,764.72998046875,28751600
2026-08-27,771.0999755859375,772.3599853515625,767.1599731445312,768.5,34557100
2026-08-28,769.3499755859375,775.2999877929688,768.3099975585938,771.760009765625,36744300
2026-08-31,767.0499877929688,768.0,764.719970703125,767.3300170898438,38810800
2026-09-01,761.780029296875,764.6699829101562,759.47998046875,762.010009765625,41126300
2026-09-02,765.1599731445312,766.4299926757812,761.72998046875,762.4500122070312,29566200
2026-09-03,773.1699829101562,774.030029296875,767.4500122070312,767.9000244140625,43531600
2026-09-04,770.1900024414062,772.8699951171875,769.0,772.010009765625,34015600
